name,position,average_appearances,average_clean_sheets,average_goals_conceded,average_tackles,average_tackle_success_percentage,average_last_man_tackles,average_blocked_shots,average_interceptions,average_clearances,average_headed_clearance,average_clearances_off_line,average_recoveries,average_duels_won,average_duels_lost,average_successful_50_50s,average_aerial_battles_won,average_aerial_battles_lost,average_own_goals,average_errors_leading_to_goal,average_assists,average_passes,average_passes_per_match,average_big_chances_created,average_crosses,average_cross_accuracy_percentage,average_through_balls,average_accurate_long_balls,average_yellow_cards,average_fouls,average_offsides,average_goals,average_headed_goals,average_goals_with_right_foot,average_goals_with_left_foot,average_hit_woodwork,average_goals_per_match,average_penalties_scored,average_freekicks_scored,average_shots_on_target,average_shooting_accuracy_percentage,average_big_chances_missed,average_saves,average_penalties_saved,average_punches,average_high_claims,average_catches,average_sweeper_clearances,average_throw_outs,average_goal_kicks
Abdul Rahman Baba ,Defender,15.0,2.0,13.0,47.0,83.0,0.0,1.0,23.0,32.0,13.0,1.0,76.0,67.0,65.0,8.0,8.0,13.0,0.0,1.0,1.0,526.0,35.07,0.0,31.0,16.0,0.0,18.0,1.0,14.0,2.0,0.0,0.0,0.0,0.0,0.0,0.0,0.0,0.0,0.0,0.0,0.0,0.0,0.0,0.0,0.0,0.0,0.0,0.0,0.0
Nathan Aké ,Defender,24.0,7.0,24.0,79.0,67.0,0.0,3.0,76.0,72.0,26.0,1.0,80.0,135.0,73.0,10.0,34.0,25.0,0.0,0.0,0.0,609.0,25.38,1.0,42.0,12.0,0.0,30.0,4.0,28.0,0.0,1.0,0.0,0.0,1.0,1.0,0.0,0.0,0.0,0.0,0.0,0.0,0.0,0.0,0.0,0.0,0.0,0.0,0.0,0.0
Alberto Moreno ,Defender,32.0,6.0,36.0,92.0,75.0,1.0,13.0,63.0,48.0,9.0,0.0,138.0,143.0,122.0,16.0,14.0,15.0,0.0,0.0,4.0,1323.0,41.34,3.0,138.0,26.0,1.0,85.0,3.0,29.0,6.0,1.0,0.0,0.0,1.0,1.0,0.0,0.0,0.0,0.0,0.0,0.0,0.0,0.0,0.0,0.0,0.0,0.0,0.0,0.0
Toby Alderweireld ,Defender,38.0,13.0,35.0,45.0,71.0,0.0,8.0,66.0,285.0,125.0,1.0,161.0,116.0,74.0,7.0,59.0,39.0,0.0,0.0,2.0,2076.0,54.63,1.0,16.0,13.0,2.0,238.0,3.0,9.0,1.0,4.0,3.0,0.0,1.0,0.0,0.0,0.0,0.0,0.0,0.0,0.0,0.0,0.0,0.0,0.0,0.0,0.0,0.0,0.0
Trent Alexander-Arnold ,Defender,0.0,0.0,0.0,0.0,0.0,0.0,0.0,0.0,0.0,0.0,0.0,0.0,0.0,0.0,0.0,0.0,0.0,0.0,0.0,0.0,0.0,0.0,0.0,0.0,0.0,0.0,0.0,0.0,0.0,0.0,0.0,0.0,0.0,0.0,0.0,0.0,0.0,0.0,0.0,0.0,0.0,0.0,0.0,0.0,0.0,0.0,0.0,0.0,0.0
Daniel Amartey ,Defender,5.0,0.0,2.0,1.0,100.0,0.0,0.0,2.0,2.0,0.0,0.0,7.0,4.0,6.0,1.0,2.0,3.0,0.0,0.0,0.0,66.0,13.2,0.0,0.0,0.0,0.0,3.0,0.0,0.0,0.0,0.0,0.0,0.0,0.0,0.0,0.0,0.0,0.0,0.0,0.0,0.0,0.0,0.0,0.0,0.0,0.0,0.0,0.0,0.0
Jordan Amavi ,Defender,10.0,2.0,13.0,36.0,83.0,0.0,3.0,37.0,32.0,15.0,0.0,64.0,92.0,86.0,25.0,20.0,17.0,0.0,1.0,2.0,368.0,36.8,1.0,40.0,13.0,0.0,19.0,2.0,18.0,0.0,0.0,0.0,0.0,0.0,0.0,0.0,0.0,0.0,0.0,0.0,0.0,0.0,0.0,0.0,0.0,0.0,0.0,0.0,0.0
Angeliño ,Defender,0.0,0.0,0.0,0.0,0.0,0.0,0.0,0.0,0.0,0.0,0.0,0.0,0.0,0.0,0.0,0.0,0.0,0.0,0.0,0.0,0.0,0.0,0.0,0.0,0.0,0.0,0.0,0.0,0.0,0.0,0.0,0.0,0.0,0.0,0.0,0.0,0.0,0.0,0.0,0.0,0.0,0.0,0.0,0.0,0.0,0.0,0.0,0.0,0.0
Gabriele Angella ,Defender,0.0,0.0,0.0,0.0,0.0,0.0,0.0,0.0,0.0,0.0,0.0,0.0,0.0,0.0,0.0,0.0,0.0,0.0,0.0,0.0,0.0,0.0,0.0,0.0,0.0,0.0,0.0,0.0,0.0,0.0,0.0,0.0,0.0,0.0,0.0,0.0,0.0,0.0,0.0,0.0,0.0,0.0,0.0,0.0,0.0,0.0,0.0,0.0,0.0
César Azpilicueta ,Defender,37.0,8.0,50.0,114.0,75.0,0.0,2.0,86.0,102.0,32.0,0.0,210.0,182.0,124.0,6.0,46.0,39.0,0.0,0.0,3.0,1798.0,48.59,3.0,57.0,19.0,1.0,103.0,7.0,39.0,1.0,2.0,0.0,2.0,0.0,0.0,0.0,0.0,0.0,0.0,0.0,0.0,0.0,0.0,0.0,0.0,0.0,0.0,0.0,0.0
Leighton Baines ,Defender,18.0,4.0,26.0,34.0,59.0,0.0,3.0,29.0,42.0,19.0,0.0,62.0,68.0,54.0,4.0,9.0,17.0,0.0,0.0,1.0,756.0,42.0,2.0,103.0,24.0,0.0,57.0,0.0,6.0,4.0,2.0,0.0,0.0,2.0,1.0,0.0,0.0,0.0,0.0,0.0,0.0,0.0,0.0,0.0,0.0,0.0,0.0,0.0,0.0
Nathan Baker ,Defender,0.0,0.0,0.0,0.0,0.0,0.0,0.0,0.0,0.0,0.0,0.0,0.0,0.0,0.0,0.0,0.0,0.0,0.0,0.0,0.0,0.0,0.0,0.0,0.0,0.0,0.0,0.0,0.0,0.0,0.0,0.0,0.0,0.0,0.0,0.0,0.0,0.0,0.0,0.0,0.0,0.0,0.0,0.0,0.0,0.0,0.0,0.0,0.0,0.0
Dominic Ball ,Defender,0.0,0.0,0.0,0.0,0.0,0.0,0.0,0.0,0.0,0.0,0.0,0.0,0.0,0.0,0.0,0.0,0.0,0.0,0.0,0.0,0.0,0.0,0.0,0.0,0.0,0.0,0.0,0.0,0.0,0.0,0.0,0.0,0.0,0.0,0.0,0.0,0.0,0.0,0.0,0.0,0.0,0.0,0.0,0.0,0.0,0.0,0.0,0.0,0.0
Phil Bardsley ,Defender,11.0,0.0,18.0,31.0,81.0,1.0,2.0,18.0,32.0,7.0,0.0,28.0,61.0,29.0,3.0,12.0,3.0,0.0,0.0,1.0,300.0,27.27,1.0,14.0,14.0,1.0,17.0,1.0,12.0,0.0,0.0,0.0,0.0,0.0,0.0,0.0,0.0,0.0,0.0,0.0,0.0,0.0,0.0,0.0,0.0,0.0,0.0,0.0,0.0
Kyle Bartley ,Defender,5.0,0.0,6.0,9.0,67.0,0.0,0.0,6.0,29.0,12.0,0.0,13.0,24.0,8.0,1.0,11.0,3.0,0.0,1.0,0.0,127.0,25.4,0.0,1.0,0.0,0.0,5.0,2.0,4.0,0.0,0.0,0.0,0.0,0.0,0.0,0.0,0.0,0.0,0.0,0.0,0.0,0.0,0.0,0.0,0.0,0.0,0.0,0.0,0.0
Sebastien Bassong ,Defender,32.0,4.0,56.0,27.0,74.0,1.0,3.0,53.0,256.0,151.0,1.0,136.0,155.0,83.0,11.0,95.0,41.0,0.0,2.0,0.0,882.0,27.56,0.0,2.0,0.0,0.0,74.0,4.0,25.0,3.0,1.0,0.0,0.0,1.0,0.0,0.0,0.0,0.0,0.0,0.0,0.0,0.0,0.0,0.0,0.0,0.0,0.0,0.0,0.0
Essaïd Belkalem ,Defender,0.0,0.0,0.0,0.0,0.0,0.0,0.0,0.0,0.0,0.0,0.0,0.0,0.0,0.0,0.0,0.0,0.0,0.0,0.0,0.0,0.0,0.0,0.0,0.0,0.0,0.0,0.0,0.0,0.0,0.0,0.0,0.0,0.0,0.0,0.0,0.0,0.0,0.0,0.0,0.0,0.0,0.0,0.0,0.0,0.0,0.0,0.0,0.0,0.0
Héctor Bellerín ,Defender,36.0,18.0,33.0,58.0,81.0,0.0,5.0,66.0,85.0,31.0,0.0,164.0,166.0,147.0,62.0,39.0,39.0,0.0,0.0,5.0,1689.0,46.92,9.0,109.0,17.0,9.0,33.0,3.0,19.0,1.0,1.0,0.0,0.0,1.0,1.0,0.0,0.0,0.0,0.0,0.0,0.0,0.0,0.0,0.0,0.0,0.0,0.0,0.0,0.0
Yohan Benalouane ,Defender,4.0,0.0,1.0,0.0,0.0,0.0,0.0,6.0,4.0,2.0,0.0,1.0,3.0,4.0,0.0,3.0,1.0,0.0,0.0,0.0,14.0,3.5,0.0,1.0,0.0,0.0,0.0,1.0,3.0,0.0,0.0,0.0,0.0,0.0,0.0,0.0,0.0,0.0,0.0,0.0,0.0,0.0,0.0,0.0,0.0,0.0,0.0,0.0,0.0
Joe Bennett ,Defender,0.0,0.0,0.0,0.0,0.0,0.0,0.0,0.0,0.0,0.0,0.0,0.0,0.0,0.0,0.0,0.0,0.0,0.0,0.0,0.0,0.0,0.0,0.0,0.0,0.0,0.0,0.0,0.0,0.0,0.0,0.0,0.0,0.0,0.0,0.0,0.0,0.0,0.0,0.0,0.0,0.0,0.0,0.0,0.0,0.0,0.0,0.0,0.0,0.0
Ryan Bertrand ,Defender,32.0,9.0,33.0,43.0,74.0,0.0,3.0,72.0,88.0,38.0,1.0,133.0,124.0,120.0,17.0,37.0,32.0,0.0,0.0,3.0,1121.0,35.03,6.0,146.0,19.0,1.0,56.0,6.0,30.0,0.0,1.0,0.0,0.0,1.0,0.0,0.0,0.0,0.0,0.0,0.0,0.0,0.0,0.0,0.0,0.0,0.0,0.0,0.0,0.0
Krystian Bielik ,Defender,0.0,0.0,0.0,0.0,0.0,0.0,0.0,0.0,0.0,0.0,0.0,0.0,0.0,0.0,0.0,0.0,0.0,0.0,0.0,0.0,0.0,0.0,0.0,0.0,0.0,0.0,0.0,0.0,0.0,0.0,0.0,0.0,0.0,0.0,0.0,0.0,0.0,0.0,0.0,0.0,0.0,0.0,0.0,0.0,0.0,0.0,0.0,0.0,0.0
Jerome Binnom-Williams ,Defender,0.0,0.0,0.0,0.0,0.0,0.0,0.0,0.0,0.0,0.0,0.0,0.0,0.0,0.0,0.0,0.0,0.0,0.0,0.0,0.0,0.0,0.0,0.0,0.0,0.0,0.0,0.0,0.0,0.0,0.0,0.0,0.0,0.0,0.0,0.0,0.0,0.0,0.0,0.0,0.0,0.0,0.0,0.0,0.0,0.0,0.0,0.0,0.0,0.0
Tyler Blackett ,Defender,0.0,0.0,0.0,0.0,0.0,0.0,0.0,0.0,0.0,0.0,0.0,0.0,0.0,0.0,0.0,0.0,0.0,0.0,0.0,0.0,0.0,0.0,0.0,0.0,0.0,0.0,0.0,0.0,0.0,0.0,0.0,0.0,0.0,0.0,0.0,0.0,0.0,0.0,0.0,0.0,0.0,0.0,0.0,0.0,0.0,0.0,0.0,0.0,0.0
Daley Blind ,Defender,35.0,12.0,35.0,95.0,71.0,0.0,2.0,80.0,119.0,56.0,1.0,274.0,165.0,123.0,21.0,34.0,55.0,0.0,0.0,1.0,2029.0,57.97,2.0,125.0,26.0,1.0,171.0,2.0,27.0,0.0,1.0,0.0,0.0,1.0,0.0,0.0,0.0,0.0,0.0,0.0,0.0,0.0,0.0,0.0,0.0,0.0,0.0,0.0,0.0
Cameron Borthwick-Jackson ,Defender,10.0,1.0,6.0,8.0,75.0,0.0,0.0,11.0,17.0,8.0,0.0,43.0,29.0,45.0,9.0,10.0,23.0,0.0,0.0,1.0,353.0,35.3,2.0,27.0,19.0,0.0,12.0,0.0,8.0,0.0,0.0,0.0,0.0,0.0,0.0,0.0,0.0,0.0,0.0,0.0,0.0,0.0,0.0,0.0,0.0,0.0,0.0,0.0,0.0
Brad Smith ,Defender,4.0,0.0,5.0,11.0,91.0,0.0,1.0,3.0,12.0,1.0,0.0,14.0,22.0,21.0,4.0,2.0,5.0,0.0,0.0,0.0,108.0,27.0,0.0,14.0,29.0,0.0,5.0,1.0,7.0,0.0,0.0,0.0,0.0,0.0,0.0,0.0,0.0,0.0,0.0,0.0,0.0,0.0,0.0,0.0,0.0,0.0,0.0,0.0,0.0
Miguel Britos ,Defender,24.0,7.0,28.0,25.0,56.0,0.0,0.0,60.0,126.0,43.0,0.0,81.0,109.0,68.0,7.0,62.0,36.0,0.0,1.0,0.0,786.0,32.75,0.0,2.0,100.0,0.0,103.0,7.0,19.0,0.0,0.0,0.0,0.0,0.0,0.0,0.0,0.0,0.0,0.0,0.0,0.0,0.0,0.0,0.0,0.0,0.0,0.0,0.0,0.0
Callum Buckley ,Defender,0.0,0.0,0.0,0.0,0.0,0.0,0.0,0.0,0.0,0.0,0.0,0.0,0.0,0.0,0.0,0.0,0.0,0.0,0.0,0.0,0.0,0.0,0.0,0.0,0.0,0.0,0.0,0.0,0.0,0.0,0.0,0.0,0.0,0.0,0.0,0.0,0.0,0.0,0.0,0.0,0.0,0.0,0.0,0.0,0.0,0.0,0.0,0.0,0.0
Reece Burke ,Defender,0.0,0.0,0.0,0.0,0.0,0.0,0.0,0.0,0.0,0.0,0.0,0.0,0.0,0.0,0.0,0.0,0.0,0.0,0.0,0.0,0.0,0.0,0.0,0.0,0.0,0.0,0.0,0.0,0.0,0.0,0.0,0.0,0.0,0.0,0.0,0.0,0.0,0.0,0.0,0.0,0.0,0.0,0.0,0.0,0.0,0.0,0.0,0.0,0.0
Sam Byram ,Defender,4.0,1.0,3.0,5.0,80.0,0.0,0.0,12.0,11.0,5.0,0.0,16.0,12.0,11.0,0.0,3.0,3.0,0.0,0.0,0.0,95.0,23.75,0.0,10.0,20.0,0.0,4.0,3.0,7.0,2.0,0.0,0.0,0.0,0.0,0.0,0.0,0.0,0.0,0.0,0.0,0.0,0.0,0.0,0.0,0.0,0.0,0.0,0.0,0.0
Gary Cahill ,Defender,23.0,2.0,38.0,22.0,82.0,2.0,1.0,36.0,114.0,44.0,2.0,85.0,113.0,67.0,3.0,69.0,38.0,1.0,0.0,1.0,773.0,33.61,0.0,0.0,0.0,1.0,29.0,2.0,17.0,1.0,2.0,0.0,1.0,1.0,0.0,0.0,0.0,0.0,0.0,0.0,0.0,0.0,0.0,0.0,0.0,0.0,0.0,0.0,0.0
Baily Cargill ,Defender,0.0,0.0,0.0,0.0,0.0,0.0,0.0,0.0,0.0,0.0,0.0,0.0,0.0,0.0,0.0,0.0,0.0,0.0,0.0,0.0,0.0,0.0,0.0,0.0,0.0,0.0,0.0,0.0,0.0,0.0,0.0,0.0,0.0,0.0,0.0,0.0,0.0,0.0,0.0,0.0,0.0,0.0,0.0,0.0,0.0,0.0,0.0,0.0,0.0
Cameron Carter-Vickers ,Defender,0.0,0.0,0.0,0.0,0.0,0.0,0.0,0.0,0.0,0.0,0.0,0.0,0.0,0.0,0.0,0.0,0.0,0.0,0.0,0.0,0.0,0.0,0.0,0.0,0.0,0.0,0.0,0.0,0.0,0.0,0.0,0.0,0.0,0.0,0.0,0.0,0.0,0.0,0.0,0.0,0.0,0.0,0.0,0.0,0.0,0.0,0.0,0.0,0.0
Craig Cathcart ,Defender,35.0,10.0,46.0,45.0,76.0,0.0,2.0,63.0,171.0,87.0,0.0,121.0,132.0,67.0,8.0,68.0,42.0,1.0,1.0,0.0,1032.0,29.49,0.0,3.0,33.0,0.0,116.0,3.0,9.0,0.0,1.0,0.0,0.0,1.0,0.0,0.0,0.0,0.0,0.0,0.0,0.0,0.0,0.0,0.0,0.0,0.0,0.0,0.0,0.0
Steven Caulker ,Defender,6.0,1.0,2.0,2.0,100.0,0.0,1.0,6.0,14.0,6.0,0.0,7.0,11.0,8.0,0.0,9.0,7.0,0.0,0.0,0.0,68.0,11.33,0.0,1.0,0.0,0.0,1.0,0.0,0.0,0.0,0.0,0.0,0.0,0.0,0.0,0.0,0.0,0.0,0.0,0.0,0.0,0.0,0.0,0.0,0.0,0.0,0.0,0.0,0.0
Cédric Soares ,Defender,24.0,5.0,19.0,70.0,79.0,0.0,2.0,53.0,67.0,21.0,2.0,131.0,122.0,91.0,18.0,20.0,33.0,0.0,0.0,2.0,786.0,32.75,4.0,115.0,27.0,0.0,66.0,3.0,18.0,2.0,0.0,0.0,0.0,0.0,0.0,0.0,0.0,0.0,0.0,0.0,0.0,0.0,0.0,0.0,0.0,0.0,0.0,0.0,0.0
Calum Chambers ,Defender,12.0,2.0,3.0,8.0,100.0,0.0,1.0,10.0,21.0,9.0,0.0,28.0,29.0,19.0,5.0,13.0,11.0,1.0,0.0,0.0,195.0,16.25,0.0,1.0,0.0,1.0,6.0,2.0,6.0,0.0,0.0,0.0,0.0,0.0,0.0,0.0,0.0,0.0,0.0,0.0,0.0,0.0,0.0,0.0,0.0,0.0,0.0,0.0,0.0
James Chester ,Defender,13.0,3.0,18.0,32.0,69.0,0.0,0.0,24.0,50.0,20.0,0.0,46.0,62.0,42.0,3.0,21.0,13.0,0.0,0.0,0.0,327.0,25.15,0.0,14.0,7.0,2.0,10.0,5.0,11.0,0.0,0.0,0.0,0.0,0.0,0.0,0.0,0.0,0.0,0.0,0.0,0.0,0.0,0.0,0.0,0.0,0.0,0.0,0.0,0.0
Ben Chilwell ,Defender,0.0,0.0,0.0,0.0,0.0,0.0,0.0,0.0,0.0,0.0,0.0,0.0,0.0,0.0,0.0,0.0,0.0,0.0,0.0,0.0,0.0,0.0,0.0,0.0,0.0,0.0,0.0,0.0,0.0,0.0,0.0,0.0,0.0,0.0,0.0,0.0,0.0,0.0,0.0,0.0,0.0,0.0,0.0,0.0,0.0,0.0,0.0,0.0,0.0
Aly Cissokho ,Defender,18.0,3.0,40.0,26.0,73.0,0.0,1.0,40.0,75.0,21.0,0.0,84.0,56.0,44.0,4.0,22.0,12.0,0.0,0.0,0.0,647.0,35.94,0.0,81.0,19.0,0.0,36.0,3.0,13.0,0.0,0.0,0.0,0.0,0.0,0.0,0.0,0.0,0.0,0.0,0.0,0.0,0.0,0.0,0.0,0.0,0.0,0.0,0.0,0.0
Ciaran Clark ,Defender,18.0,3.0,31.0,24.0,75.0,0.0,0.0,47.0,127.0,60.0,0.0,68.0,93.0,58.0,9.0,50.0,30.0,0.0,2.0,0.0,559.0,31.06,1.0,1.0,100.0,0.0,30.0,6.0,14.0,0.0,1.0,1.0,0.0,0.0,0.0,0.0,0.0,0.0,0.0,0.0,0.0,0.0,0.0,0.0,0.0,0.0,0.0,0.0,0.0
Jake Clarke-Salter ,Defender,1.0,0.0,0.0,2.0,0.0,0.0,0.0,0.0,0.0,0.0,0.0,0.0,2.0,1.0,0.0,0.0,1.0,0.0,0.0,0.0,6.0,6.0,0.0,0.0,0.0,0.0,0.0,0.0,0.0,0.0,0.0,0.0,0.0,0.0,0.0,0.0,0.0,0.0,0.0,0.0,0.0,0.0,0.0,0.0,0.0,0.0,0.0,0.0,0.0
Daniel Cleary ,Defender,0.0,0.0,0.0,0.0,0.0,0.0,0.0,0.0,0.0,0.0,0.0,0.0,0.0,0.0,0.0,0.0,0.0,0.0,0.0,0.0,0.0,0.0,0.0,0.0,0.0,0.0,0.0,0.0,0.0,0.0,0.0,0.0,0.0,0.0,0.0,0.0,0.0,0.0,0.0,0.0,0.0,0.0,0.0,0.0,0.0,0.0,0.0,0.0,0.0
Gaël Clichy ,Defender,14.0,5.0,11.0,28.0,89.0,0.0,0.0,50.0,40.0,14.0,0.0,77.0,59.0,46.0,15.0,12.0,9.0,0.0,0.0,1.0,693.0,49.5,2.0,27.0,33.0,1.0,29.0,0.0,10.0,0.0,0.0,0.0,0.0,0.0,1.0,0.0,0.0,0.0,0.0,0.0,0.0,0.0,0.0,0.0,0.0,0.0,0.0,0.0,0.0
Nathaniel Clyne ,Defender,33.0,10.0,45.0,84.0,75.0,0.0,13.0,52.0,57.0,10.0,0.0,161.0,143.0,102.0,23.0,11.0,21.0,0.0,0.0,0.0,1510.0,45.76,1.0,81.0,14.0,1.0,58.0,6.0,19.0,1.0,1.0,0.0,0.0,1.0,0.0,0.0,0.0,0.0,0.0,0.0,0.0,0.0,0.0,0.0,0.0,0.0,0.0,0.0,0.0
Sebastián Coates ,Defender,16.0,2.0,30.0,45.0,82.0,0.0,0.0,41.0,90.0,38.0,2.0,71.0,81.0,60.0,7.0,27.0,20.0,1.0,0.0,1.0,379.0,23.69,0.0,2.0,0.0,0.0,28.0,4.0,17.0,0.0,0.0,0.0,0.0,0.0,0.0,0.0,0.0,0.0,0.0,0.0,0.0,0.0,0.0,0.0,0.0,0.0,0.0,0.0,0.0
Séamus Coleman ,Defender,28.0,7.0,34.0,58.0,79.0,0.0,8.0,36.0,71.0,32.0,0.0,160.0,142.0,120.0,43.0,13.0,22.0,1.0,1.0,3.0,1044.0,37.29,3.0,93.0,15.0,0.0,45.0,4.0,20.0,8.0,1.0,1.0,0.0,0.0,1.0,0.0,0.0,0.0,0.0,0.0,0.0,0.0,0.0,0.0,0.0,0.0,0.0,0.0,0.0
James Collins ,Defender,19.0,5.0,14.0,18.0,83.0,0.0,3.0,19.0,151.0,83.0,1.0,59.0,76.0,50.0,3.0,51.0,27.0,0.0,0.0,0.0,574.0,30.21,0.0,0.0,0.0,0.0,55.0,3.0,12.0,1.0,0.0,0.0,0.0,0.0,0.0,0.0,0.0,0.0,0.0,0.0,0.0,0.0,0.0,0.0,0.0,0.0,0.0,0.0,0.0
Fabricio Coloccini ,Defender,26.0,5.0,47.0,43.0,74.0,0.0,3.0,61.0,97.0,42.0,1.0,106.0,88.0,77.0,4.0,32.0,33.0,1.0,0.0,0.0,849.0,32.65,0.0,4.0,0.0,0.0,79.0,2.0,9.0,0.0,1.0,0.0,1.0,0.0,1.0,0.0,0.0,0.0,0.0,0.0,0.0,0.0,0.0,0.0,0.0,0.0,0.0,0.0,0.0
Callum Connolly ,Defender,1.0,0.0,1.0,0.0,0.0,0.0,0.0,0.0,3.0,3.0,0.0,1.0,0.0,1.0,0.0,0.0,1.0,0.0,0.0,0.0,8.0,8.0,0.0,2.0,0.0,0.0,2.0,0.0,0.0,0.0,0.0,0.0,0.0,0.0,0.0,0.0,0.0,0.0,0.0,0.0,0.0,0.0,0.0,0.0,0.0,0.0,0.0,0.0,0.0
Filippo Costa ,Defender,0.0,0.0,0.0,0.0,0.0,0.0,0.0,0.0,0.0,0.0,0.0,0.0,0.0,0.0,0.0,0.0,0.0,0.0,0.0,0.0,0.0,0.0,0.0,0.0,0.0,0.0,0.0,0.0,0.0,0.0,0.0,0.0,0.0,0.0,0.0,0.0,0.0,0.0,0.0,0.0,0.0,0.0,0.0,0.0,0.0,0.0,0.0,0.0,0.0
Aaron Cresswell ,Defender,37.0,11.0,50.0,38.0,61.0,0.0,10.0,70.0,88.0,41.0,1.0,168.0,121.0,109.0,12.0,40.0,34.0,0.0,3.0,4.0,1377.0,37.22,4.0,121.0,26.0,1.0,115.0,1.0,22.0,1.0,2.0,0.0,0.0,2.0,1.0,0.0,0.0,0.0,0.0,0.0,0.0,0.0,0.0,0.0,0.0,0.0,0.0,0.0,0.0
Luke Croll ,Defender,0.0,0.0,0.0,0.0,0.0,0.0,0.0,0.0,0.0,0.0,0.0,0.0,0.0,0.0,0.0,0.0,0.0,0.0,0.0,0.0,0.0,0.0,0.0,0.0,0.0,0.0,0.0,0.0,0.0,0.0,0.0,0.0,0.0,0.0,0.0,0.0,0.0,0.0,0.0,0.0,0.0,0.0,0.0,0.0,0.0,0.0,0.0,0.0,0.0
Cuco Martina ,Defender,15.0,1.0,15.0,37.0,73.0,0.0,1.0,24.0,34.0,6.0,1.0,67.0,55.0,40.0,1.0,6.0,10.0,0.0,1.0,1.0,428.0,28.53,2.0,37.0,27.0,1.0,41.0,1.0,15.0,2.0,1.0,0.0,1.0,0.0,0.0,0.0,0.0,0.0,0.0,0.0,0.0,0.0,0.0,0.0,0.0,0.0,0.0,0.0,0.0
Charlie Daniels ,Defender,37.0,7.0,63.0,75.0,83.0,0.0,5.0,53.0,76.0,33.0,0.0,203.0,176.0,110.0,57.0,26.0,21.0,0.0,1.0,5.0,1692.0,45.73,3.0,127.0,25.0,1.0,65.0,2.0,10.0,2.0,3.0,0.0,0.0,3.0,0.0,0.0,0.0,0.0,0.0,0.0,0.0,0.0,0.0,0.0,0.0,0.0,0.0,0.0,0.0
Scott Dann ,Defender,35.0,8.0,44.0,35.0,69.0,1.0,4.0,62.0,179.0,94.0,2.0,138.0,170.0,113.0,10.0,115.0,75.0,0.0,1.0,1.0,1116.0,31.89,0.0,5.0,20.0,0.0,131.0,7.0,20.0,5.0,5.0,3.0,1.0,1.0,1.0,0.0,0.0,0.0,0.0,0.0,0.0,0.0,0.0,0.0,0.0,0.0,0.0,0.0,0.0
Matteo Darmian ,Defender,28.0,8.0,18.0,84.0,82.0,0.0,0.0,42.0,53.0,14.0,0.0,103.0,138.0,96.0,11.0,20.0,13.0,0.0,0.0,0.0,934.0,33.36,3.0,53.0,17.0,0.0,40.0,8.0,27.0,4.0,1.0,0.0,0.0,1.0,0.0,0.0,0.0,0.0,0.0,0.0,0.0,0.0,0.0,0.0,0.0,0.0,0.0,0.0,0.0
Craig Dawson ,Defender,38.0,10.0,48.0,59.0,69.0,0.0,11.0,86.0,162.0,93.0,1.0,153.0,212.0,164.0,8.0,119.0,73.0,1.0,0.0,0.0,1115.0,29.34,3.0,130.0,22.0,0.0,81.0,3.0,28.0,3.0,4.0,3.0,0.0,1.0,1.0,0.0,0.0,0.0,0.0,0.0,0.0,0.0,0.0,0.0,0.0,0.0,0.0,0.0,0.0
Ritchie de Laet ,Defender,12.0,0.0,16.0,25.0,92.0,0.0,0.0,21.0,25.0,7.0,1.0,40.0,44.0,39.0,3.0,13.0,16.0,0.0,0.0,0.0,218.0,18.17,0.0,15.0,27.0,0.0,15.0,1.0,6.0,0.0,1.0,0.0,1.0,0.0,0.0,0.0,0.0,0.0,0.0,0.0,0.0,0.0,0.0,0.0,0.0,0.0,0.0,0.0,0.0
Josh Debayo ,Defender,0.0,0.0,0.0,0.0,0.0,0.0,0.0,0.0,0.0,0.0,0.0,0.0,0.0,0.0,0.0,0.0,0.0,0.0,0.0,0.0,0.0,0.0,0.0,0.0,0.0,0.0,0.0,0.0,0.0,0.0,0.0,0.0,0.0,0.0,0.0,0.0,0.0,0.0,0.0,0.0,0.0,0.0,0.0,0.0,0.0,0.0,0.0,0.0,0.0
Mathieu Debuchy ,Defender,2.0,0.0,3.0,9.0,100.0,0.0,1.0,3.0,1.0,0.0,0.0,12.0,17.0,10.0,1.0,6.0,2.0,0.0,0.0,0.0,79.0,39.5,0.0,5.0,0.0,0.0,2.0,0.0,3.0,0.0,0.0,0.0,0.0,0.0,0.0,0.0,0.0,0.0,0.0,0.0,0.0,0.0,0.0,0.0,0.0,0.0,0.0,0.0,0.0
Damien Delaney ,Defender,32.0,5.0,46.0,31.0,74.0,1.0,2.0,56.0,204.0,111.0,0.0,124.0,145.0,93.0,4.0,96.0,61.0,2.0,1.0,3.0,1055.0,32.97,5.0,7.0,29.0,0.0,114.0,2.0,18.0,0.0,2.0,1.0,1.0,0.0,1.0,0.0,0.0,0.0,0.0,0.0,0.0,0.0,0.0,0.0,0.0,0.0,0.0,0.0,0.0
Martín Demichelis ,Defender,20.0,3.0,18.0,20.0,80.0,0.0,2.0,35.0,76.0,39.0,0.0,47.0,68.0,46.0,5.0,35.0,13.0,0.0,1.0,0.0,551.0,27.55,1.0,0.0,0.0,0.0,23.0,3.0,12.0,0.0,0.0,0.0,0.0,0.0,0.0,0.0,0.0,0.0,0.0,0.0,0.0,0.0,0.0,0.0,0.0,0.0,0.0,0.0,0.0
Jason Denayer ,Defender,0.0,0.0,0.0,0.0,0.0,0.0,0.0,0.0,0.0,0.0,0.0,0.0,0.0,0.0,0.0,0.0,0.0,0.0,0.0,0.0,0.0,0.0,0.0,0.0,0.0,0.0,0.0,0.0,0.0,0.0,0.0,0.0,0.0,0.0,0.0,0.0,0.0,0.0,0.0,0.0,0.0,0.0,0.0,0.0,0.0,0.0,0.0,0.0,0.0
Dionatan Teixeira ,Defender,1.0,0.0,1.0,1.0,100.0,0.0,0.0,0.0,3.0,1.0,0.0,3.0,2.0,0.0,0.0,1.0,0.0,0.0,0.0,0.0,7.0,7.0,0.0,0.0,0.0,0.0,0.0,0.0,0.0,0.0,0.0,0.0,0.0,0.0,0.0,0.0,0.0,0.0,0.0,0.0,0.0,0.0,0.0,0.0,0.0,0.0,0.0,0.0,0.0
Sylvain Distin ,Defender,12.0,1.0,21.0,19.0,63.0,0.0,1.0,24.0,47.0,18.0,0.0,40.0,59.0,27.0,6.0,33.0,19.0,0.0,0.0,0.0,450.0,37.5,0.0,0.0,0.0,0.0,18.0,0.0,3.0,1.0,0.0,0.0,0.0,0.0,0.0,0.0,0.0,0.0,0.0,0.0,0.0,0.0,0.0,0.0,0.0,0.0,0.0,0.0,0.0
Papy Djilobodji ,Defender,0.0,0.0,0.0,0.0,0.0,0.0,0.0,0.0,0.0,0.0,0.0,0.0,0.0,0.0,0.0,0.0,0.0,0.0,0.0,0.0,0.0,0.0,0.0,0.0,0.0,0.0,0.0,0.0,0.0,0.0,0.0,0.0,0.0,0.0,0.0,0.0,0.0,0.0,0.0,0.0,0.0,0.0,0.0,0.0,0.0,0.0,0.0,0.0,0.0
Janoi Donacien ,Defender,0.0,0.0,0.0,0.0,0.0,0.0,0.0,0.0,0.0,0.0,0.0,0.0,0.0,0.0,0.0,0.0,0.0,0.0,0.0,0.0,0.0,0.0,0.0,0.0,0.0,0.0,0.0,0.0,0.0,0.0,0.0,0.0,0.0,0.0,0.0,0.0,0.0,0.0,0.0,0.0,0.0,0.0,0.0,0.0,0.0,0.0,0.0,0.0,0.0
Shaun Donnellan ,Defender,0.0,0.0,0.0,0.0,0.0,0.0,0.0,0.0,0.0,0.0,0.0,0.0,0.0,0.0,0.0,0.0,0.0,0.0,0.0,0.0,0.0,0.0,0.0,0.0,0.0,0.0,0.0,0.0,0.0,0.0,0.0,0.0,0.0,0.0,0.0,0.0,0.0,0.0,0.0,0.0,0.0,0.0,0.0,0.0,0.0,0.0,0.0,0.0,0.0
Lloyd Doyley ,Defender,0.0,0.0,0.0,0.0,0.0,0.0,0.0,0.0,0.0,0.0,0.0,0.0,0.0,0.0,0.0,0.0,0.0,0.0,0.0,0.0,0.0,0.0,0.0,0.0,0.0,0.0,0.0,0.0,0.0,0.0,0.0,0.0,0.0,0.0,0.0,0.0,0.0,0.0,0.0,0.0,0.0,0.0,0.0,0.0,0.0,0.0,0.0,0.0,0.0
Paul Dummett ,Defender,23.0,6.0,28.0,54.0,80.0,0.0,1.0,42.0,88.0,44.0,0.0,64.0,117.0,69.0,7.0,47.0,31.0,0.0,1.0,0.0,673.0,29.26,0.0,34.0,21.0,0.0,48.0,3.0,13.0,0.0,1.0,0.0,0.0,1.0,1.0,0.0,0.0,0.0,0.0,0.0,0.0,0.0,0.0,0.0,0.0,0.0,0.0,0.0,0.0
Joel Ekstrand ,Defender,0.0,0.0,0.0,0.0,0.0,0.0,0.0,0.0,0.0,0.0,0.0,0.0,0.0,0.0,0.0,0.0,0.0,0.0,0.0,0.0,0.0,0.0,0.0,0.0,0.0,0.0,0.0,0.0,0.0,0.0,0.0,0.0,0.0,0.0,0.0,0.0,0.0,0.0,0.0,0.0,0.0,0.0,0.0,0.0,0.0,0.0,0.0,0.0,0.0
Tommy Elphick ,Defender,12.0,0.0,23.0,11.0,45.0,0.0,2.0,32.0,52.0,27.0,0.0,39.0,55.0,33.0,0.0,36.0,18.0,0.0,0.0,0.0,457.0,38.08,0.0,0.0,0.0,0.0,27.0,1.0,10.0,1.0,1.0,1.0,0.0,0.0,0.0,0.0,0.0,0.0,0.0,0.0,0.0,0.0,0.0,0.0,0.0,0.0,0.0,0.0,0.0
Emmanuel Eboué ,Defender,0.0,0.0,0.0,0.0,0.0,0.0,0.0,0.0,0.0,0.0,0.0,0.0,0.0,0.0,0.0,0.0,0.0,0.0,0.0,0.0,0.0,0.0,0.0,0.0,0.0,0.0,0.0,0.0,0.0,0.0,0.0,0.0,0.0,0.0,0.0,0.0,0.0,0.0,0.0,0.0,0.0,0.0,0.0,0.0,0.0,0.0,0.0,0.0,0.0
Federico Fazio ,Defender,0.0,0.0,0.0,0.0,0.0,0.0,0.0,0.0,0.0,0.0,0.0,0.0,0.0,0.0,0.0,0.0,0.0,0.0,0.0,0.0,0.0,0.0,0.0,0.0,0.0,0.0,0.0,0.0,0.0,0.0,0.0,0.0,0.0,0.0,0.0,0.0,0.0,0.0,0.0,0.0,0.0,0.0,0.0,0.0,0.0,0.0,0.0,0.0,0.0
Federico Fernández ,Defender,32.0,8.0,44.0,58.0,81.0,0.0,2.0,80.0,217.0,124.0,0.0,170.0,166.0,119.0,4.0,87.0,60.0,2.0,1.0,1.0,1697.0,53.03,0.0,2.0,0.0,2.0,83.0,3.0,31.0,2.0,1.0,0.0,0.0,0.0,1.0,0.0,0.0,0.0,0.0,0.0,0.0,0.0,0.0,0.0,0.0,0.0,0.0,0.0,0.0
Jon Flanagan ,Defender,5.0,2.0,5.0,11.0,82.0,0.0,0.0,9.0,17.0,5.0,0.0,27.0,21.0,31.0,2.0,7.0,5.0,0.0,1.0,1.0,254.0,50.8,0.0,7.0,14.0,0.0,5.0,1.0,7.0,0.0,0.0,0.0,0.0,0.0,0.0,0.0,0.0,0.0,0.0,0.0,0.0,0.0,0.0,0.0,0.0,0.0,0.0,0.0,0.0
Timothy Fosu-Mensah ,Defender,8.0,1.0,1.0,12.0,92.0,2.0,1.0,13.0,13.0,4.0,0.0,16.0,18.0,11.0,2.0,2.0,5.0,0.0,0.0,1.0,127.0,15.88,1.0,2.0,0.0,1.0,4.0,1.0,2.0,0.0,0.0,0.0,0.0,0.0,0.0,0.0,0.0,0.0,0.0,0.0,0.0,0.0,0.0,0.0,0.0,0.0,0.0,0.0,0.0
Simon Francis ,Defender,38.0,6.0,67.0,105.0,73.0,0.0,3.0,88.0,206.0,118.0,2.0,231.0,254.0,163.0,30.0,108.0,62.0,0.0,0.0,4.0,2106.0,55.42,1.0,100.0,25.0,0.0,179.0,5.0,35.0,2.0,0.0,0.0,0.0,0.0,0.0,0.0,0.0,0.0,0.0,0.0,0.0,0.0,0.0,0.0,0.0,0.0,0.0,0.0,0.0
Ezekiel Fryers ,Defender,0.0,0.0,0.0,0.0,0.0,0.0,0.0,0.0,0.0,0.0,0.0,0.0,0.0,0.0,0.0,0.0,0.0,0.0,0.0,0.0,0.0,0.0,0.0,0.0,0.0,0.0,0.0,0.0,0.0,0.0,0.0,0.0,0.0,0.0,0.0,0.0,0.0,0.0,0.0,0.0,0.0,0.0,0.0,0.0,0.0,0.0,0.0,0.0,0.0
Christian Fuchs ,Defender,32.0,15.0,20.0,99.0,78.0,0.0,6.0,98.0,122.0,55.0,1.0,215.0,167.0,137.0,7.0,49.0,34.0,0.0,0.0,4.0,1180.0,36.88,7.0,127.0,27.0,4.0,91.0,4.0,33.0,0.0,0.0,0.0,0.0,0.0,0.0,0.0,0.0,0.0,0.0,0.0,0.0,0.0,0.0,0.0,0.0,0.0,0.0,0.0,0.0
Ramiro Funes Mori ,Defender,28.0,6.0,35.0,41.0,76.0,1.0,2.0,66.0,217.0,91.0,0.0,146.0,139.0,75.0,12.0,76.0,45.0,0.0,0.0,1.0,1238.0,44.21,1.0,6.0,67.0,0.0,107.0,4.0,8.0,2.0,4.0,2.0,1.0,1.0,0.0,0.0,0.0,0.0,0.0,0.0,0.0,0.0,0.0,0.0,0.0,0.0,0.0,0.0,0.0
Gabriel Paulista ,Defender,21.0,10.0,16.0,43.0,65.0,3.0,1.0,61.0,112.0,38.0,0.0,134.0,106.0,57.0,3.0,51.0,32.0,0.0,1.0,0.0,1110.0,52.86,0.0,0.0,0.0,1.0,34.0,4.0,9.0,0.0,1.0,1.0,0.0,0.0,1.0,0.0,0.0,0.0,0.0,0.0,0.0,0.0,0.0,0.0,0.0,0.0,0.0,0.0,0.0
Brendan Galloway ,Defender,15.0,2.0,20.0,50.0,60.0,0.0,3.0,21.0,30.0,5.0,1.0,58.0,93.0,56.0,7.0,7.0,12.0,0.0,0.0,1.0,396.0,26.4,1.0,13.0,23.0,0.0,9.0,2.0,9.0,0.0,0.0,0.0,0.0,0.0,0.0,0.0,0.0,0.0,0.0,0.0,0.0,0.0,0.0,0.0,0.0,0.0,0.0,0.0,0.0
Cristian Gamboa ,Defender,1.0,0.0,0.0,2.0,50.0,0.0,0.0,2.0,0.0,0.0,0.0,3.0,3.0,2.0,0.0,0.0,0.0,0.0,0.0,0.0,12.0,12.0,0.0,2.0,0.0,0.0,0.0,1.0,1.0,1.0,0.0,0.0,0.0,0.0,0.0,0.0,0.0,0.0,0.0,0.0,0.0,0.0,0.0,0.0,0.0,0.0,0.0,0.0,0.0
Luke Garbutt ,Defender,0.0,0.0,0.0,0.0,0.0,0.0,0.0,0.0,0.0,0.0,0.0,0.0,0.0,0.0,0.0,0.0,0.0,0.0,0.0,0.0,0.0,0.0,0.0,0.0,0.0,0.0,0.0,0.0,0.0,0.0,0.0,0.0,0.0,0.0,0.0,0.0,0.0,0.0,0.0,0.0,0.0,0.0,0.0,0.0,0.0,0.0,0.0,0.0,0.0
Florin Gardos ,Defender,0.0,0.0,0.0,0.0,0.0,0.0,0.0,0.0,0.0,0.0,0.0,0.0,0.0,0.0,0.0,0.0,0.0,0.0,0.0,0.0,0.0,0.0,0.0,0.0,0.0,0.0,0.0,0.0,0.0,0.0,0.0,0.0,0.0,0.0,0.0,0.0,0.0,0.0,0.0,0.0,0.0,0.0,0.0,0.0,0.0,0.0,0.0,0.0,0.0
Kieran Gibbs ,Defender,15.0,0.0,6.0,12.0,75.0,0.0,1.0,11.0,10.0,5.0,0.0,27.0,28.0,28.0,2.0,8.0,13.0,0.0,0.0,0.0,198.0,13.2,0.0,9.0,22.0,2.0,3.0,0.0,3.0,2.0,1.0,0.0,0.0,1.0,0.0,0.0,0.0,0.0,0.0,0.0,0.0,0.0,0.0,0.0,0.0,0.0,0.0,0.0,0.0
Joseph Gomez ,Defender,5.0,3.0,5.0,12.0,83.0,0.0,0.0,12.0,18.0,9.0,0.0,29.0,24.0,33.0,2.0,9.0,9.0,0.0,0.0,1.0,222.0,44.4,0.0,7.0,14.0,1.0,9.0,3.0,9.0,0.0,0.0,0.0,0.0,0.0,0.0,0.0,0.0,0.0,0.0,0.0,0.0,0.0,0.0,0.0,0.0,0.0,0.0,0.0,0.0
Curtis Good ,Defender,0.0,0.0,0.0,0.0,0.0,0.0,0.0,0.0,0.0,0.0,0.0,0.0,0.0,0.0,0.0,0.0,0.0,0.0,0.0,0.0,0.0,0.0,0.0,0.0,0.0,0.0,0.0,0.0,0.0,0.0,0.0,0.0,0.0,0.0,0.0,0.0,0.0,0.0,0.0,0.0,0.0,0.0,0.0,0.0,0.0,0.0,0.0,0.0,0.0
Brede Hangeland ,Defender,7.0,3.0,6.0,10.0,70.0,1.0,1.0,10.0,60.0,31.0,0.0,26.0,45.0,27.0,6.0,26.0,12.0,0.0,1.0,0.0,242.0,34.57,0.0,0.0,0.0,0.0,12.0,2.0,13.0,2.0,0.0,0.0,0.0,0.0,0.0,0.0,0.0,0.0,0.0,0.0,0.0,0.0,0.0,0.0,0.0,0.0,0.0,0.0,0.0
Michael Hector ,Defender,0.0,0.0,0.0,0.0,0.0,0.0,0.0,0.0,0.0,0.0,0.0,0.0,0.0,0.0,0.0,0.0,0.0,0.0,0.0,0.0,0.0,0.0,0.0,0.0,0.0,0.0,0.0,0.0,0.0,0.0,0.0,0.0,0.0,0.0,0.0,0.0,0.0,0.0,0.0,0.0,0.0,0.0,0.0,0.0,0.0,0.0,0.0,0.0,0.0
Stephen Hendrie ,Defender,0.0,0.0,0.0,0.0,0.0,0.0,0.0,0.0,0.0,0.0,0.0,0.0,0.0,0.0,0.0,0.0,0.0,0.0,0.0,0.0,0.0,0.0,0.0,0.0,0.0,0.0,0.0,0.0,0.0,0.0,0.0,0.0,0.0,0.0,0.0,0.0,0.0,0.0,0.0,0.0,0.0,0.0,0.0,0.0,0.0,0.0,0.0,0.0,0.0
Doneil Henry ,Defender,0.0,0.0,0.0,0.0,0.0,0.0,0.0,0.0,0.0,0.0,0.0,0.0,0.0,0.0,0.0,0.0,0.0,0.0,0.0,0.0,0.0,0.0,0.0,0.0,0.0,0.0,0.0,0.0,0.0,0.0,0.0,0.0,0.0,0.0,0.0,0.0,0.0,0.0,0.0,0.0,0.0,0.0,0.0,0.0,0.0,0.0,0.0,0.0,0.0
Tony Hibbert ,Defender,1.0,0.0,0.0,1.0,100.0,0.0,0.0,3.0,0.0,0.0,0.0,4.0,1.0,4.0,0.0,0.0,1.0,0.0,0.0,0.0,17.0,17.0,0.0,0.0,0.0,0.0,1.0,0.0,0.0,0.0,0.0,0.0,0.0,0.0,0.0,0.0,0.0,0.0,0.0,0.0,0.0,0.0,0.0,0.0,0.0,0.0,0.0,0.0,0.0
Tommie Hoban ,Defender,0.0,0.0,0.0,0.0,0.0,0.0,0.0,0.0,0.0,0.0,0.0,0.0,0.0,0.0,0.0,0.0,0.0,0.0,0.0,0.0,0.0,0.0,0.0,0.0,0.0,0.0,0.0,0.0,0.0,0.0,0.0,0.0,0.0,0.0,0.0,0.0,0.0,0.0,0.0,0.0,0.0,0.0,0.0,0.0,0.0,0.0,0.0,0.0,0.0
José Holebas ,Defender,11.0,1.0,16.0,25.0,76.0,0.0,8.0,30.0,34.0,13.0,0.0,83.0,76.0,54.0,22.0,24.0,8.0,0.0,0.0,0.0,413.0,37.55,0.0,26.0,12.0,0.0,26.0,2.0,8.0,0.0,0.0,0.0,0.0,0.0,0.0,0.0,0.0,0.0,0.0,0.0,0.0,0.0,0.0,0.0,0.0,0.0,0.0,0.0,0.0
Mason Holgate ,Defender,0.0,0.0,0.0,0.0,0.0,0.0,0.0,0.0,0.0,0.0,0.0,0.0,0.0,0.0,0.0,0.0,0.0,0.0,0.0,0.0,0.0,0.0,0.0,0.0,0.0,0.0,0.0,0.0,0.0,0.0,0.0,0.0,0.0,0.0,0.0,0.0,0.0,0.0,0.0,0.0,0.0,0.0,0.0,0.0,0.0,0.0,0.0,0.0,0.0
James Horsfield ,Defender,0.0,0.0,0.0,0.0,0.0,0.0,0.0,0.0,0.0,0.0,0.0,0.0,0.0,0.0,0.0,0.0,0.0,0.0,0.0,0.0,0.0,0.0,0.0,0.0,0.0,0.0,0.0,0.0,0.0,0.0,0.0,0.0,0.0,0.0,0.0,0.0,0.0,0.0,0.0,0.0,0.0,0.0,0.0,0.0,0.0,0.0,0.0,0.0,0.0
Cameron Humphreys-Grant ,Defender,0.0,0.0,0.0,0.0,0.0,0.0,0.0,0.0,0.0,0.0,0.0,0.0,0.0,0.0,0.0,0.0,0.0,0.0,0.0,0.0,0.0,0.0,0.0,0.0,0.0,0.0,0.0,0.0,0.0,0.0,0.0,0.0,0.0,0.0,0.0,0.0,0.0,0.0,0.0,0.0,0.0,0.0,0.0,0.0,0.0,0.0,0.0,0.0,0.0
Jack Hunt ,Defender,0.0,0.0,0.0,0.0,0.0,0.0,0.0,0.0,0.0,0.0,0.0,0.0,0.0,0.0,0.0,0.0,0.0,0.0,0.0,0.0,0.0,0.0,0.0,0.0,0.0,0.0,0.0,0.0,0.0,0.0,0.0,0.0,0.0,0.0,0.0,0.0,0.0,0.0,0.0,0.0,0.0,0.0,0.0,0.0,0.0,0.0,0.0,0.0,0.0
Robert Huth ,Defender,35.0,15.0,32.0,41.0,76.0,0.0,4.0,76.0,258.0,109.0,0.0,147.0,175.0,114.0,3.0,116.0,67.0,0.0,0.0,0.0,810.0,23.14,1.0,0.0,0.0,0.0,34.0,8.0,35.0,3.0,3.0,2.0,1.0,0.0,0.0,0.0,0.0,0.0,0.0,0.0,0.0,0.0,0.0,0.0,0.0,0.0,0.0,0.0,0.0
Alan Hutton ,Defender,28.0,2.0,55.0,55.0,78.0,0.0,1.0,52.0,52.0,27.0,0.0,104.0,135.0,84.0,12.0,34.0,16.0,2.0,2.0,1.0,843.0,30.11,3.0,121.0,20.0,1.0,44.0,6.0,28.0,3.0,0.0,0.0,0.0,0.0,0.0,0.0,0.0,0.0,0.0,0.0,0.0,0.0,0.0,0.0,0.0,0.0,0.0,0.0,0.0
Branislav Ivanovic ,Defender,33.0,8.0,44.0,66.0,76.0,0.0,11.0,60.0,87.0,47.0,0.0,169.0,178.0,115.0,10.0,81.0,41.0,0.0,2.0,2.0,1301.0,39.42,2.0,74.0,12.0,0.0,71.0,5.0,32.0,1.0,2.0,2.0,0.0,0.0,0.0,0.0,0.0,0.0,0.0,0.0,0.0,0.0,0.0,0.0,0.0,0.0,0.0,0.0,0.0
Ivo Pinto ,Defender,10.0,0.0,19.0,17.0,71.0,0.0,0.0,21.0,28.0,10.0,0.0,51.0,36.0,48.0,8.0,5.0,14.0,0.0,0.0,0.0,306.0,30.6,0.0,31.0,26.0,0.0,18.0,0.0,9.0,3.0,0.0,0.0,0.0,0.0,0.0,0.0,0.0,0.0,0.0,0.0,0.0,0.0,0.0,0.0,0.0,0.0,0.0,0.0,0.0
Phil Jagielka ,Defender,21.0,7.0,25.0,39.0,72.0,0.0,0.0,50.0,170.0,83.0,0.0,115.0,111.0,66.0,3.0,58.0,38.0,0.0,3.0,0.0,1036.0,49.33,0.0,3.0,33.0,0.0,148.0,0.0,9.0,0.0,0.0,0.0,0.0,0.0,1.0,0.0,0.0,0.0,0.0,0.0,0.0,0.0,0.0,0.0,0.0,0.0,0.0,0.0,0.0
Daryl Janmaat ,Defender,32.0,3.0,60.0,80.0,78.0,0.0,8.0,56.0,83.0,29.0,0.0,157.0,153.0,134.0,38.0,27.0,28.0,0.0,0.0,4.0,1252.0,39.13,5.0,144.0,19.0,3.0,79.0,5.0,29.0,5.0,2.0,0.0,2.0,0.0,0.0,0.0,0.0,0.0,0.0,0.0,0.0,0.0,0.0,0.0,0.0,0.0,0.0,0.0,0.0
Carl Jenkinson ,Defender,20.0,0.0,23.0,24.0,83.0,1.0,2.0,20.0,54.0,30.0,0.0,68.0,48.0,55.0,7.0,13.0,15.0,1.0,1.0,0.0,505.0,25.25,2.0,34.0,21.0,0.0,31.0,3.0,13.0,0.0,2.0,0.0,1.0,1.0,0.0,0.0,0.0,0.0,0.0,0.0,0.0,0.0,0.0,0.0,0.0,0.0,0.0,0.0,0.0
Jiang Guangtai ,Defender,5.0,1.0,5.0,9.0,89.0,0.0,1.0,6.0,12.0,5.0,0.0,12.0,14.0,10.0,0.0,4.0,2.0,0.0,0.0,0.0,92.0,18.4,0.0,5.0,0.0,0.0,4.0,1.0,4.0,0.0,0.0,0.0,0.0,0.0,0.0,0.0,0.0,0.0,0.0,0.0,0.0,0.0,0.0,0.0,0.0,0.0,0.0,0.0,0.0
Gethin Jones ,Defender,0.0,0.0,0.0,0.0,0.0,0.0,0.0,0.0,0.0,0.0,0.0,0.0,0.0,0.0,0.0,0.0,0.0,0.0,0.0,0.0,0.0,0.0,0.0,0.0,0.0,0.0,0.0,0.0,0.0,0.0,0.0,0.0,0.0,0.0,0.0,0.0,0.0,0.0,0.0,0.0,0.0,0.0,0.0,0.0,0.0,0.0,0.0,0.0,0.0
Corey Jordan ,Defender,0.0,0.0,0.0,0.0,0.0,0.0,0.0,0.0,0.0,0.0,0.0,0.0,0.0,0.0,0.0,0.0,0.0,0.0,0.0,0.0,0.0,0.0,0.0,0.0,0.0,0.0,0.0,0.0,0.0,0.0,0.0,0.0,0.0,0.0,0.0,0.0,0.0,0.0,0.0,0.0,0.0,0.0,0.0,0.0,0.0,0.0,0.0,0.0,0.0
Jordi Amat ,Defender,8.0,0.0,5.0,7.0,100.0,0.0,0.0,16.0,28.0,13.0,0.0,22.0,20.0,13.0,2.0,7.0,8.0,0.0,0.0,0.0,193.0,24.13,0.0,0.0,0.0,0.0,12.0,0.0,4.0,0.0,0.0,0.0,0.0,0.0,0.0,0.0,0.0,0.0,0.0,0.0,0.0,0.0,0.0,0.0,0.0,0.0,0.0,0.0,0.0
José Crespo ,Defender,1.0,0.0,1.0,0.0,0.0,0.0,0.0,1.0,0.0,0.0,0.0,6.0,1.0,3.0,0.0,0.0,1.0,0.0,0.0,0.0,27.0,27.0,0.0,0.0,0.0,0.0,5.0,0.0,1.0,0.0,0.0,0.0,0.0,0.0,0.0,0.0,0.0,0.0,0.0,0.0,0.0,0.0,0.0,0.0,0.0,0.0,0.0,0.0,0.0
José Enrique ,Defender,0.0,0.0,0.0,0.0,0.0,0.0,0.0,0.0,0.0,0.0,0.0,0.0,0.0,0.0,0.0,0.0,0.0,0.0,0.0,0.0,0.0,0.0,0.0,0.0,0.0,0.0,0.0,0.0,0.0,0.0,0.0,0.0,0.0,0.0,0.0,0.0,0.0,0.0,0.0,0.0,0.0,0.0,0.0,0.0,0.0,0.0,0.0,0.0,0.0
José Fonte ,Defender,37.0,11.0,37.0,53.0,66.0,0.0,2.0,81.0,224.0,82.0,0.0,163.0,154.0,85.0,2.0,91.0,42.0,0.0,0.0,1.0,1622.0,43.84,1.0,9.0,33.0,0.0,136.0,4.0,21.0,1.0,2.0,2.0,0.0,0.0,0.0,0.0,0.0,0.0,0.0,0.0,0.0,0.0,0.0,0.0,0.0,0.0,0.0,0.0,0.0
Josh Robson ,Defender,0.0,0.0,0.0,0.0,0.0,0.0,0.0,0.0,0.0,0.0,0.0,0.0,0.0,0.0,0.0,0.0,0.0,0.0,0.0,0.0,0.0,0.0,0.0,0.0,0.0,0.0,0.0,0.0,0.0,0.0,0.0,0.0,0.0,0.0,0.0,0.0,0.0,0.0,0.0,0.0,0.0,0.0,0.0,0.0,0.0,0.0,0.0,0.0,0.0
Juanfran ,Defender,0.0,0.0,0.0,0.0,0.0,0.0,0.0,0.0,0.0,0.0,0.0,0.0,0.0,0.0,0.0,0.0,0.0,0.0,0.0,0.0,0.0,0.0,0.0,0.0,0.0,0.0,0.0,0.0,0.0,0.0,0.0,0.0,0.0,0.0,0.0,0.0,0.0,0.0,0.0,0.0,0.0,0.0,0.0,0.0,0.0,0.0,0.0,0.0,0.0
Younes Kaboul ,Defender,23.0,7.0,31.0,43.0,81.0,0.0,3.0,52.0,196.0,94.0,0.0,117.0,142.0,91.0,15.0,78.0,55.0,0.0,1.0,1.0,654.0,28.43,1.0,13.0,23.0,2.0,51.0,3.0,15.0,1.0,0.0,0.0,0.0,0.0,0.0,0.0,0.0,0.0,0.0,0.0,0.0,0.0,0.0,0.0,0.0,0.0,0.0,0.0,0.0
Tomas Kalas ,Defender,0.0,0.0,0.0,0.0,0.0,0.0,0.0,0.0,0.0,0.0,0.0,0.0,0.0,0.0,0.0,0.0,0.0,0.0,0.0,0.0,0.0,0.0,0.0,0.0,0.0,0.0,0.0,0.0,0.0,0.0,0.0,0.0,0.0,0.0,0.0,0.0,0.0,0.0,0.0,0.0,0.0,0.0,0.0,0.0,0.0,0.0,0.0,0.0,0.0
Martin Kelly ,Defender,13.0,3.0,15.0,32.0,81.0,0.0,1.0,18.0,38.0,11.0,0.0,48.0,45.0,41.0,1.0,10.0,9.0,0.0,0.0,0.0,379.0,29.15,0.0,17.0,18.0,0.0,16.0,3.0,11.0,0.0,0.0,0.0,0.0,0.0,0.0,0.0,0.0,0.0,0.0,0.0,0.0,0.0,0.0,0.0,0.0,0.0,0.0,0.0,0.0
Jonjoe Kenny ,Defender,1.0,0.0,0.0,1.0,100.0,0.0,1.0,1.0,4.0,1.0,0.0,2.0,1.0,3.0,0.0,0.0,1.0,0.0,0.0,0.0,22.0,22.0,0.0,0.0,0.0,0.0,1.0,0.0,0.0,0.0,0.0,0.0,0.0,0.0,0.0,0.0,0.0,0.0,0.0,0.0,0.0,0.0,0.0,0.0,0.0,0.0,0.0,0.0,0.0
Stephen Kingsley ,Defender,4.0,0.0,3.0,5.0,40.0,0.0,0.0,1.0,20.0,11.0,0.0,11.0,17.0,11.0,6.0,3.0,4.0,1.0,0.0,1.0,110.0,27.5,1.0,17.0,41.0,0.0,6.0,0.0,2.0,0.0,0.0,0.0,0.0,0.0,0.0,0.0,0.0,0.0,0.0,0.0,0.0,0.0,0.0,0.0,0.0,0.0,0.0,0.0,0.0
Timm Klose ,Defender,10.0,2.0,13.0,14.0,79.0,0.0,0.0,24.0,102.0,67.0,0.0,41.0,61.0,28.0,2.0,40.0,16.0,1.0,0.0,0.0,257.0,25.7,0.0,0.0,0.0,0.0,29.0,3.0,6.0,0.0,1.0,1.0,0.0,0.0,0.0,0.0,0.0,0.0,0.0,0.0,0.0,0.0,0.0,0.0,0.0,0.0,0.0,0.0,0.0
Kyle Knoyle ,Defender,0.0,0.0,0.0,0.0,0.0,0.0,0.0,0.0,0.0,0.0,0.0,0.0,0.0,0.0,0.0,0.0,0.0,0.0,0.0,0.0,0.0,0.0,0.0,0.0,0.0,0.0,0.0,0.0,0.0,0.0,0.0,0.0,0.0,0.0,0.0,0.0,0.0,0.0,0.0,0.0,0.0,0.0,0.0,0.0,0.0,0.0,0.0,0.0,0.0
Aleksandar Kolarov ,Defender,29.0,10.0,29.0,34.0,74.0,0.0,13.0,46.0,71.0,43.0,0.0,153.0,132.0,103.0,24.0,47.0,25.0,0.0,0.0,3.0,1361.0,46.93,2.0,149.0,27.0,1.0,63.0,3.0,20.0,3.0,3.0,0.0,0.0,3.0,3.0,0.0,0.0,0.0,0.0,0.0,0.0,0.0,0.0,0.0,0.0,0.0,0.0,0.0,0.0
Kolo Touré ,Defender,14.0,2.0,14.0,22.0,77.0,1.0,2.0,25.0,45.0,9.0,0.0,58.0,40.0,23.0,7.0,9.0,14.0,0.0,0.0,0.0,465.0,33.21,0.0,1.0,0.0,0.0,22.0,1.0,2.0,0.0,1.0,1.0,0.0,0.0,0.0,0.0,0.0,0.0,0.0,0.0,0.0,0.0,0.0,0.0,0.0,0.0,0.0,0.0,0.0
Vincent Kompany ,Defender,14.0,9.0,7.0,20.0,75.0,0.0,3.0,23.0,78.0,41.0,0.0,90.0,65.0,30.0,7.0,35.0,6.0,0.0,0.0,0.0,678.0,48.43,0.0,0.0,0.0,0.0,55.0,5.0,15.0,0.0,2.0,2.0,0.0,0.0,0.0,0.0,0.0,0.0,0.0,0.0,0.0,0.0,0.0,0.0,0.0,0.0,0.0,0.0,0.0
Paul Konchesky ,Defender,0.0,0.0,0.0,0.0,0.0,0.0,0.0,0.0,0.0,0.0,0.0,0.0,0.0,0.0,0.0,0.0,0.0,0.0,0.0,0.0,0.0,0.0,0.0,0.0,0.0,0.0,0.0,0.0,0.0,0.0,0.0,0.0,0.0,0.0,0.0,0.0,0.0,0.0,0.0,0.0,0.0,0.0,0.0,0.0,0.0,0.0,0.0,0.0,0.0
Laurent Koscielny ,Defender,33.0,15.0,31.0,47.0,55.0,0.0,2.0,126.0,186.0,89.0,0.0,223.0,186.0,113.0,10.0,104.0,57.0,0.0,0.0,0.0,1691.0,51.24,1.0,3.0,0.0,2.0,83.0,3.0,31.0,1.0,4.0,1.0,3.0,0.0,0.0,0.0,0.0,0.0,0.0,0.0,0.0,0.0,0.0,0.0,0.0,0.0,0.0,0.0,0.0
Jamaal Lascelles ,Defender,18.0,3.0,22.0,12.0,50.0,1.0,0.0,28.0,77.0,47.0,0.0,55.0,60.0,29.0,3.0,42.0,13.0,0.0,1.0,0.0,486.0,27.0,0.0,1.0,0.0,0.0,26.0,1.0,11.0,0.0,2.0,2.0,0.0,0.0,0.0,0.0,0.0,0.0,0.0,0.0,0.0,0.0,0.0,0.0,0.0,0.0,0.0,0.0,0.0
Miguel Layún ,Defender,3.0,0.0,0.0,2.0,100.0,0.0,1.0,2.0,2.0,0.0,0.0,5.0,4.0,11.0,1.0,0.0,1.0,0.0,0.0,0.0,52.0,17.33,0.0,7.0,14.0,0.0,2.0,0.0,1.0,0.0,1.0,0.0,1.0,0.0,0.0,0.0,0.0,0.0,0.0,0.0,0.0,0.0,0.0,0.0,0.0,0.0,0.0,0.0,0.0
Jordan Lee ,Defender,0.0,0.0,0.0,0.0,0.0,0.0,0.0,0.0,0.0,0.0,0.0,0.0,0.0,0.0,0.0,0.0,0.0,0.0,0.0,0.0,0.0,0.0,0.0,0.0,0.0,0.0,0.0,0.0,0.0,0.0,0.0,0.0,0.0,0.0,0.0,0.0,0.0,0.0,0.0,0.0,0.0,0.0,0.0,0.0,0.0,0.0,0.0,0.0,0.0
Florian Lejeune ,Defender,0.0,0.0,0.0,0.0,0.0,0.0,0.0,0.0,0.0,0.0,0.0,0.0,0.0,0.0,0.0,0.0,0.0,0.0,0.0,0.0,0.0,0.0,0.0,0.0,0.0,0.0,0.0,0.0,0.0,0.0,0.0,0.0,0.0,0.0,0.0,0.0,0.0,0.0,0.0,0.0,0.0,0.0,0.0,0.0,0.0,0.0,0.0,0.0,0.0
Joleon Lescott ,Defender,32.0,5.0,61.0,35.0,86.0,0.0,3.0,85.0,186.0,101.0,1.0,170.0,122.0,77.0,7.0,71.0,34.0,0.0,1.0,0.0,1061.0,33.16,0.0,4.0,25.0,0.0,93.0,2.0,16.0,0.0,1.0,0.0,0.0,1.0,1.0,0.0,0.0,0.0,0.0,0.0,0.0,0.0,0.0,0.0,0.0,0.0,0.0,0.0,0.0
Donald Love ,Defender,1.0,0.0,1.0,4.0,75.0,0.0,0.0,1.0,0.0,0.0,0.0,6.0,6.0,3.0,2.0,0.0,1.0,0.0,0.0,0.0,26.0,26.0,0.0,1.0,0.0,0.0,1.0,0.0,1.0,0.0,0.0,0.0,0.0,0.0,0.0,0.0,0.0,0.0,0.0,0.0,0.0,0.0,0.0,0.0,0.0,0.0,0.0,0.0,0.0
Dejan Lovren ,Defender,24.0,8.0,24.0,34.0,74.0,0.0,7.0,37.0,153.0,67.0,0.0,97.0,124.0,60.0,1.0,80.0,21.0,0.0,1.0,0.0,1052.0,43.83,1.0,4.0,25.0,0.0,80.0,2.0,23.0,0.0,0.0,0.0,0.0,0.0,0.0,0.0,0.0,0.0,0.0,0.0,0.0,0.0,0.0,0.0,0.0,0.0,0.0,0.0,0.0
Pablo Maffeo ,Defender,0.0,0.0,0.0,0.0,0.0,0.0,0.0,0.0,0.0,0.0,0.0,0.0,0.0,0.0,0.0,0.0,0.0,0.0,0.0,0.0,0.0,0.0,0.0,0.0,0.0,0.0,0.0,0.0,0.0,0.0,0.0,0.0,0.0,0.0,0.0,0.0,0.0,0.0,0.0,0.0,0.0,0.0,0.0,0.0,0.0,0.0,0.0,0.0,0.0
Joseph Maguire ,Defender,0.0,0.0,0.0,0.0,0.0,0.0,0.0,0.0,0.0,0.0,0.0,0.0,0.0,0.0,0.0,0.0,0.0,0.0,0.0,0.0,0.0,0.0,0.0,0.0,0.0,0.0,0.0,0.0,0.0,0.0,0.0,0.0,0.0,0.0,0.0,0.0,0.0,0.0,0.0,0.0,0.0,0.0,0.0,0.0,0.0,0.0,0.0,0.0,0.0
Eliaquim Mangala ,Defender,23.0,9.0,23.0,32.0,84.0,2.0,0.0,66.0,120.0,49.0,0.0,122.0,84.0,76.0,5.0,41.0,21.0,1.0,1.0,0.0,1003.0,43.61,0.0,2.0,0.0,0.0,41.0,8.0,36.0,0.0,0.0,0.0,0.0,0.0,0.0,0.0,0.0,0.0,0.0,0.0,0.0,0.0,0.0,0.0,0.0,0.0,0.0,0.0,0.0
Adrian Mariappa ,Defender,3.0,0.0,7.0,4.0,75.0,0.0,0.0,10.0,12.0,4.0,0.0,20.0,15.0,12.0,3.0,6.0,5.0,0.0,0.0,0.0,117.0,39.0,0.0,2.0,50.0,0.0,7.0,0.0,3.0,0.0,0.0,0.0,0.0,0.0,0.0,0.0,0.0,0.0,0.0,0.0,0.0,0.0,0.0,0.0,0.0,0.0,0.0,0.0,0.0
Russell Martin ,Defender,30.0,4.0,53.0,41.0,71.0,0.0,2.0,37.0,201.0,106.0,1.0,124.0,93.0,92.0,1.0,46.0,32.0,0.0,1.0,0.0,1118.0,37.27,2.0,18.0,28.0,0.0,121.0,4.0,32.0,0.0,3.0,0.0,2.0,1.0,0.0,0.0,0.0,0.0,0.0,0.0,0.0,0.0,0.0,0.0,0.0,0.0,0.0,0.0,0.0
Niall Mason ,Defender,0.0,0.0,0.0,0.0,0.0,0.0,0.0,0.0,0.0,0.0,0.0,0.0,0.0,0.0,0.0,0.0,0.0,0.0,0.0,0.0,0.0,0.0,0.0,0.0,0.0,0.0,0.0,0.0,0.0,0.0,0.0,0.0,0.0,0.0,0.0,0.0,0.0,0.0,0.0,0.0,0.0,0.0,0.0,0.0,0.0,0.0,0.0,0.0,0.0
Massadio Haidara ,Defender,7.0,1.0,9.0,12.0,92.0,0.0,1.0,19.0,18.0,4.0,0.0,32.0,34.0,28.0,5.0,7.0,4.0,0.0,0.0,0.0,230.0,32.86,0.0,21.0,19.0,0.0,10.0,1.0,9.0,0.0,0.0,0.0,0.0,0.0,0.0,0.0,0.0,0.0,0.0,0.0,0.0,0.0,0.0,0.0,0.0,0.0,0.0,0.0,0.0
Conor Masterson ,Defender,0.0,0.0,0.0,0.0,0.0,0.0,0.0,0.0,0.0,0.0,0.0,0.0,0.0,0.0,0.0,0.0,0.0,0.0,0.0,0.0,0.0,0.0,0.0,0.0,0.0,0.0,0.0,0.0,0.0,0.0,0.0,0.0,0.0,0.0,0.0,0.0,0.0,0.0,0.0,0.0,0.0,0.0,0.0,0.0,0.0,0.0,0.0,0.0,0.0
Adam Matthews ,Defender,1.0,0.0,1.0,2.0,50.0,0.0,0.0,0.0,1.0,0.0,0.0,1.0,3.0,1.0,1.0,0.0,0.0,0.0,0.0,0.0,13.0,13.0,0.0,2.0,50.0,1.0,0.0,0.0,0.0,0.0,0.0,0.0,0.0,0.0,0.0,0.0,0.0,0.0,0.0,0.0,0.0,0.0,0.0,0.0,0.0,0.0,0.0,0.0,0.0
Nathan Mavila ,Defender,0.0,0.0,0.0,0.0,0.0,0.0,0.0,0.0,0.0,0.0,0.0,0.0,0.0,0.0,0.0,0.0,0.0,0.0,0.0,0.0,0.0,0.0,0.0,0.0,0.0,0.0,0.0,0.0,0.0,0.0,0.0,0.0,0.0,0.0,0.0,0.0,0.0,0.0,0.0,0.0,0.0,0.0,0.0,0.0,0.0,0.0,0.0,0.0,0.0
Charalampos Mavrias ,Defender,0.0,0.0,0.0,0.0,0.0,0.0,0.0,0.0,0.0,0.0,0.0,0.0,0.0,0.0,0.0,0.0,0.0,0.0,0.0,0.0,0.0,0.0,0.0,0.0,0.0,0.0,0.0,0.0,0.0,0.0,0.0,0.0,0.0,0.0,0.0,0.0,0.0,0.0,0.0,0.0,0.0,0.0,0.0,0.0,0.0,0.0,0.0,0.0,0.0
Kevin Mbabu ,Defender,3.0,0.0,5.0,11.0,82.0,0.0,0.0,3.0,2.0,1.0,0.0,9.0,17.0,11.0,1.0,3.0,2.0,0.0,0.0,0.0,41.0,13.67,0.0,2.0,0.0,0.0,4.0,0.0,3.0,1.0,0.0,0.0,0.0,0.0,0.0,0.0,0.0,0.0,0.0,0.0,0.0,0.0,0.0,0.0,0.0,0.0,0.0,0.0,0.0
Chancel Mbemba ,Defender,33.0,7.0,53.0,77.0,81.0,3.0,3.0,96.0,231.0,99.0,0.0,151.0,157.0,112.0,20.0,48.0,54.0,0.0,2.0,0.0,1147.0,34.76,0.0,10.0,40.0,0.0,110.0,5.0,21.0,0.0,0.0,0.0,0.0,0.0,0.0,0.0,0.0,0.0,0.0,0.0,0.0,0.0,0.0,0.0,0.0,0.0,0.0,0.0,0.0
Gareth McAuley ,Defender,34.0,10.0,41.0,45.0,76.0,2.0,1.0,95.0,172.0,84.0,2.0,135.0,161.0,97.0,9.0,93.0,46.0,1.0,0.0,0.0,849.0,24.97,1.0,4.0,0.0,1.0,99.0,4.0,32.0,2.0,1.0,1.0,0.0,0.0,1.0,0.0,0.0,0.0,0.0,0.0,0.0,0.0,0.0,0.0,0.0,0.0,0.0,0.0,0.0
Sam McQueen ,Defender,0.0,0.0,0.0,0.0,0.0,0.0,0.0,0.0,0.0,0.0,0.0,0.0,0.0,0.0,0.0,0.0,0.0,0.0,0.0,0.0,0.0,0.0,0.0,0.0,0.0,0.0,0.0,0.0,0.0,0.0,0.0,0.0,0.0,0.0,0.0,0.0,0.0,0.0,0.0,0.0,0.0,0.0,0.0,0.0,0.0,0.0,0.0,0.0,0.0
Per Mertesacker ,Defender,24.0,9.0,23.0,27.0,89.0,1.0,1.0,36.0,108.0,56.0,0.0,139.0,88.0,32.0,3.0,54.0,16.0,0.0,0.0,0.0,1246.0,51.92,1.0,0.0,0.0,0.0,46.0,1.0,7.0,1.0,0.0,0.0,0.0,0.0,0.0,0.0,0.0,0.0,0.0,0.0,0.0,0.0,0.0,0.0,0.0,0.0,0.0,0.0,0.0
Matt Miazga ,Defender,2.0,1.0,1.0,3.0,100.0,0.0,0.0,2.0,9.0,4.0,0.0,5.0,11.0,10.0,0.0,7.0,8.0,0.0,1.0,0.0,90.0,45.0,0.0,0.0,0.0,0.0,3.0,1.0,1.0,1.0,0.0,0.0,0.0,0.0,0.0,0.0,0.0,0.0,0.0,0.0,0.0,0.0,0.0,0.0,0.0,0.0,0.0,0.0,0.0
Tyrone Mings ,Defender,1.0,0.0,0.0,0.0,0.0,0.0,0.0,2.0,0.0,0.0,0.0,0.0,0.0,1.0,0.0,0.0,0.0,0.0,0.0,0.0,3.0,3.0,0.0,0.0,0.0,0.0,0.0,0.0,0.0,0.0,0.0,0.0,0.0,0.0,0.0,0.0,0.0,0.0,0.0,0.0,0.0,0.0,0.0,0.0,0.0,0.0,0.0,0.0,0.0
Liam Moore ,Defender,0.0,0.0,0.0,0.0,0.0,0.0,0.0,0.0,0.0,0.0,0.0,0.0,0.0,0.0,0.0,0.0,0.0,0.0,0.0,0.0,0.0,0.0,0.0,0.0,0.0,0.0,0.0,0.0,0.0,0.0,0.0,0.0,0.0,0.0,0.0,0.0,0.0,0.0,0.0,0.0,0.0,0.0,0.0,0.0,0.0,0.0,0.0,0.0,0.0
Wes Morgan ,Defender,38.0,15.0,36.0,51.0,67.0,0.0,6.0,95.0,216.0,110.0,1.0,135.0,167.0,101.0,10.0,93.0,64.0,0.0,1.0,0.0,818.0,21.53,0.0,0.0,0.0,2.0,46.0,3.0,27.0,0.0,2.0,2.0,0.0,0.0,0.0,0.0,0.0,0.0,0.0,0.0,0.0,0.0,0.0,0.0,0.0,0.0,0.0,0.0,0.0
Marc Muniesa ,Defender,15.0,0.0,24.0,28.0,61.0,2.0,0.0,35.0,44.0,21.0,0.0,65.0,53.0,46.0,6.0,11.0,15.0,0.0,0.0,0.0,530.0,35.33,0.0,11.0,18.0,1.0,31.0,2.0,10.0,0.0,0.0,0.0,0.0,0.0,0.0,0.0,0.0,0.0,0.0,0.0,0.0,0.0,0.0,0.0,0.0,0.0,0.0,0.0,0.0
Nacho Monreal ,Defender,37.0,17.0,34.0,80.0,70.0,0.0,1.0,105.0,114.0,50.0,2.0,236.0,205.0,129.0,15.0,69.0,54.0,0.0,0.0,3.0,1844.0,49.84,2.0,99.0,20.0,4.0,38.0,1.0,28.0,2.0,0.0,0.0,0.0,0.0,0.0,0.0,0.0,0.0,0.0,0.0,0.0,0.0,0.0,0.0,0.0,0.0,0.0,0.0,0.0
Kyle Naughton ,Defender,27.0,4.0,26.0,40.0,65.0,0.0,3.0,48.0,65.0,16.0,0.0,105.0,105.0,103.0,13.0,31.0,28.0,0.0,0.0,3.0,1081.0,40.04,2.0,64.0,19.0,0.0,41.0,2.0,23.0,0.0,0.0,0.0,0.0,0.0,0.0,0.0,0.0,0.0,0.0,0.0,0.0,0.0,0.0,0.0,0.0,0.0,0.0,0.0,0.0
Jesús Navas ,Defender,34.0,8.0,22.0,29.0,83.0,0.0,11.0,21.0,11.0,3.0,0.0,130.0,110.0,137.0,48.0,9.0,33.0,0.0,0.0,7.0,1268.0,37.29,6.0,176.0,19.0,7.0,40.0,1.0,18.0,4.0,0.0,0.0,0.0,0.0,0.0,0.0,0.0,0.0,0.0,0.0,0.0,0.0,0.0,0.0,0.0,0.0,0.0,0.0,0.0
Allan-Roméo Nyom ,Defender,32.0,9.0,34.0,84.0,89.0,0.0,3.0,60.0,70.0,20.0,0.0,187.0,147.0,111.0,27.0,13.0,20.0,0.0,1.0,1.0,860.0,26.88,1.0,85.0,13.0,1.0,58.0,8.0,36.0,0.0,0.0,0.0,0.0,0.0,0.0,0.0,0.0,0.0,0.0,0.0,0.0,0.0,0.0,0.0,0.0,0.0,0.0,0.0,0.0
Joey O'Brien ,Defender,0.0,0.0,0.0,0.0,0.0,0.0,0.0,0.0,0.0,0.0,0.0,0.0,0.0,0.0,0.0,0.0,0.0,0.0,0.0,0.0,0.0,0.0,0.0,0.0,0.0,0.0,0.0,0.0,0.0,0.0,0.0,0.0,0.0,0.0,0.0,0.0,0.0,0.0,0.0,0.0,0.0,0.0,0.0,0.0,0.0,0.0,0.0,0.0,0.0
John O'Shea ,Defender,28.0,1.0,37.0,32.0,63.0,0.0,2.0,39.0,183.0,90.0,0.0,68.0,92.0,44.0,0.0,51.0,17.0,0.0,0.0,0.0,590.0,21.07,1.0,0.0,0.0,0.0,46.0,2.0,19.0,0.0,0.0,0.0,0.0,0.0,0.0,0.0,0.0,0.0,0.0,0.0,0.0,0.0,0.0,0.0,0.0,0.0,0.0,0.0,0.0
Angelo Ogbonna ,Defender,28.0,9.0,32.0,43.0,79.0,0.0,2.0,50.0,161.0,88.0,0.0,116.0,127.0,67.0,8.0,62.0,31.0,0.0,1.0,0.0,945.0,33.75,0.0,1.0,100.0,0.0,78.0,5.0,21.0,0.0,0.0,0.0,0.0,0.0,0.0,0.0,0.0,0.0,0.0,0.0,0.0,0.0,0.0,0.0,0.0,0.0,0.0,0.0,0.0
Jores Okore ,Defender,12.0,3.0,18.0,37.0,65.0,0.0,0.0,28.0,83.0,30.0,1.0,47.0,66.0,36.0,3.0,18.0,16.0,0.0,0.0,0.0,330.0,27.5,0.0,0.0,0.0,0.0,37.0,1.0,8.0,0.0,0.0,0.0,0.0,0.0,0.0,0.0,0.0,0.0,0.0,0.0,0.0,0.0,0.0,0.0,0.0,0.0,0.0,0.0,0.0
Ola Aina ,Defender,0.0,0.0,0.0,0.0,0.0,0.0,0.0,0.0,0.0,0.0,0.0,0.0,0.0,0.0,0.0,0.0,0.0,0.0,0.0,0.0,0.0,0.0,0.0,0.0,0.0,0.0,0.0,0.0,0.0,0.0,0.0,0.0,0.0,0.0,0.0,0.0,0.0,0.0,0.0,0.0,0.0,0.0,0.0,0.0,0.0,0.0,0.0,0.0,0.0
Martin Olsson ,Defender,24.0,3.0,35.0,26.0,77.0,1.0,0.0,25.0,66.0,30.0,0.0,80.0,77.0,74.0,6.0,27.0,21.0,0.0,1.0,2.0,479.0,19.96,1.0,72.0,17.0,0.0,34.0,2.0,18.0,0.0,1.0,0.0,0.0,1.0,0.0,0.0,0.0,0.0,0.0,0.0,0.0,0.0,0.0,0.0,0.0,0.0,0.0,0.0,0.0
Kenneth Omeruo ,Defender,0.0,0.0,0.0,0.0,0.0,0.0,0.0,0.0,0.0,0.0,0.0,0.0,0.0,0.0,0.0,0.0,0.0,0.0,0.0,0.0,0.0,0.0,0.0,0.0,0.0,0.0,0.0,0.0,0.0,0.0,0.0,0.0,0.0,0.0,0.0,0.0,0.0,0.0,0.0,0.0,0.0,0.0,0.0,0.0,0.0,0.0,0.0,0.0,0.0
Nicolás Otamendi ,Defender,30.0,11.0,35.0,90.0,67.0,1.0,8.0,104.0,209.0,118.0,2.0,190.0,219.0,129.0,11.0,90.0,49.0,0.0,0.0,0.0,1569.0,52.3,0.0,1.0,0.0,0.0,97.0,9.0,31.0,0.0,1.0,1.0,0.0,0.0,0.0,0.0,0.0,0.0,0.0,0.0,0.0,0.0,0.0,0.0,0.0,0.0,0.0,0.0,0.0
Bryan Oviedo ,Defender,14.0,3.0,18.0,41.0,83.0,0.0,1.0,20.0,34.0,11.0,0.0,53.0,64.0,61.0,8.0,3.0,14.0,0.0,0.0,1.0,432.0,30.86,2.0,42.0,26.0,1.0,24.0,0.0,17.0,1.0,0.0,0.0,0.0,0.0,0.0,0.0,0.0,0.0,0.0,0.0,0.0,0.0,0.0,0.0,0.0,0.0,0.0,0.0,0.0
Paddy McCarthy ,Defender,0.0,0.0,0.0,0.0,0.0,0.0,0.0,0.0,0.0,0.0,0.0,0.0,0.0,0.0,0.0,0.0,0.0,0.0,0.0,0.0,0.0,0.0,0.0,0.0,0.0,0.0,0.0,0.0,0.0,0.0,0.0,0.0,0.0,0.0,0.0,0.0,0.0,0.0,0.0,0.0,0.0,0.0,0.0,0.0,0.0,0.0,0.0,0.0,0.0
Lewis Page ,Defender,0.0,0.0,0.0,0.0,0.0,0.0,0.0,0.0,0.0,0.0,0.0,0.0,0.0,0.0,0.0,0.0,0.0,0.0,0.0,0.0,0.0,0.0,0.0,0.0,0.0,0.0,0.0,0.0,0.0,0.0,0.0,0.0,0.0,0.0,0.0,0.0,0.0,0.0,0.0,0.0,0.0,0.0,0.0,0.0,0.0,0.0,0.0,0.0,0.0
Juan Carlos Paredes ,Defender,17.0,1.0,12.0,15.0,73.0,0.0,0.0,16.0,13.0,4.0,0.0,51.0,35.0,43.0,9.0,2.0,3.0,0.0,0.0,0.0,264.0,15.53,0.0,29.0,24.0,0.0,18.0,1.0,10.0,0.0,0.0,0.0,0.0,0.0,0.0,0.0,0.0,0.0,0.0,0.0,0.0,0.0,0.0,0.0,0.0,0.0,0.0,0.0,0.0
Josh Pask ,Defender,0.0,0.0,0.0,0.0,0.0,0.0,0.0,0.0,0.0,0.0,0.0,0.0,0.0,0.0,0.0,0.0,0.0,0.0,0.0,0.0,0.0,0.0,0.0,0.0,0.0,0.0,0.0,0.0,0.0,0.0,0.0,0.0,0.0,0.0,0.0,0.0,0.0,0.0,0.0,0.0,0.0,0.0,0.0,0.0,0.0,0.0,0.0,0.0,0.0
Matthew Pennington ,Defender,4.0,0.0,7.0,1.0,100.0,1.0,0.0,7.0,17.0,7.0,1.0,26.0,11.0,6.0,3.0,7.0,2.0,0.0,0.0,0.0,169.0,42.25,0.0,1.0,0.0,0.0,9.0,1.0,2.0,0.0,0.0,0.0,0.0,0.0,0.0,0.0,0.0,0.0,0.0,0.0,0.0,0.0,0.0,0.0,0.0,0.0,0.0,0.0,0.0
Erik Pieters ,Defender,35.0,10.0,45.0,116.0,78.0,0.0,2.0,95.0,93.0,36.0,0.0,200.0,219.0,159.0,8.0,47.0,44.0,0.0,1.0,1.0,1504.0,42.97,3.0,103.0,13.0,1.0,60.0,10.0,58.0,0.0,0.0,0.0,0.0,0.0,0.0,0.0,0.0,0.0,0.0,0.0,0.0,0.0,0.0,0.0,0.0,0.0,0.0,0.0,0.0
Alex Pike ,Defender,0.0,0.0,0.0,0.0,0.0,0.0,0.0,0.0,0.0,0.0,0.0,0.0,0.0,0.0,0.0,0.0,0.0,0.0,0.0,0.0,0.0,0.0,0.0,0.0,0.0,0.0,0.0,0.0,0.0,0.0,0.0,0.0,0.0,0.0,0.0,0.0,0.0,0.0,0.0,0.0,0.0,0.0,0.0,0.0,0.0,0.0,0.0,0.0,0.0
Sébastien Pocognoli ,Defender,1.0,0.0,0.0,0.0,0.0,0.0,0.0,1.0,3.0,2.0,0.0,3.0,2.0,2.0,0.0,2.0,1.0,0.0,0.0,1.0,19.0,19.0,0.0,3.0,67.0,0.0,1.0,0.0,0.0,0.0,0.0,0.0,0.0,0.0,0.0,0.0,0.0,0.0,0.0,0.0,0.0,0.0,0.0,0.0,0.0,0.0,0.0,0.0,0.0
Regan Poole ,Defender,0.0,0.0,0.0,0.0,0.0,0.0,0.0,0.0,0.0,0.0,0.0,0.0,0.0,0.0,0.0,0.0,0.0,0.0,0.0,0.0,0.0,0.0,0.0,0.0,0.0,0.0,0.0,0.0,0.0,0.0,0.0,0.0,0.0,0.0,0.0,0.0,0.0,0.0,0.0,0.0,0.0,0.0,0.0,0.0,0.0,0.0,0.0,0.0,0.0
Sebastian Prödl ,Defender,21.0,5.0,28.0,23.0,91.0,0.0,1.0,64.0,93.0,26.0,1.0,56.0,57.0,59.0,0.0,29.0,24.0,0.0,0.0,0.0,509.0,24.24,0.0,1.0,100.0,0.0,58.0,5.0,23.0,0.0,2.0,1.0,0.0,1.0,0.0,0.0,0.0,0.0,0.0,0.0,0.0,0.0,0.0,0.0,0.0,0.0,0.0,0.0,0.0
Daniel Pudil ,Defender,0.0,0.0,0.0,0.0,0.0,0.0,0.0,0.0,0.0,0.0,0.0,0.0,0.0,0.0,0.0,0.0,0.0,0.0,0.0,0.0,0.0,0.0,0.0,0.0,0.0,0.0,0.0,0.0,0.0,0.0,0.0,0.0,0.0,0.0,0.0,0.0,0.0,0.0,0.0,0.0,0.0,0.0,0.0,0.0,0.0,0.0,0.0,0.0,0.0
Connor Randall ,Defender,3.0,0.0,3.0,3.0,67.0,0.0,1.0,3.0,0.0,0.0,0.0,8.0,6.0,12.0,0.0,2.0,3.0,0.0,0.0,0.0,82.0,27.33,0.0,1.0,0.0,0.0,5.0,0.0,2.0,0.0,0.0,0.0,0.0,0.0,0.0,0.0,0.0,0.0,0.0,0.0,0.0,0.0,0.0,0.0,0.0,0.0,0.0,0.0,0.0
Angel Rangel ,Defender,23.0,4.0,29.0,43.0,84.0,0.0,3.0,59.0,72.0,31.0,0.0,120.0,106.0,79.0,13.0,36.0,25.0,0.0,0.0,0.0,1278.0,55.57,0.0,47.0,23.0,0.0,65.0,6.0,19.0,2.0,0.0,0.0,0.0,0.0,1.0,0.0,0.0,0.0,0.0,0.0,0.0,0.0,0.0,0.0,0.0,0.0,0.0,0.0,0.0
Winston Reid ,Defender,24.0,6.0,38.0,45.0,82.0,0.0,4.0,76.0,154.0,76.0,0.0,109.0,123.0,66.0,2.0,50.0,28.0,1.0,0.0,1.0,833.0,34.71,0.0,2.0,0.0,0.0,90.0,5.0,23.0,0.0,1.0,1.0,0.0,0.0,2.0,0.0,0.0,0.0,0.0,0.0,0.0,0.0,0.0,0.0,0.0,0.0,0.0,0.0,0.0
Micah Richards ,Defender,24.0,3.0,53.0,42.0,81.0,0.0,1.0,61.0,142.0,84.0,0.0,109.0,156.0,67.0,28.0,61.0,22.0,1.0,1.0,1.0,717.0,29.88,0.0,2.0,50.0,1.0,38.0,3.0,16.0,0.0,1.0,1.0,0.0,0.0,0.0,0.0,0.0,0.0,0.0,0.0,0.0,0.0,0.0,0.0,0.0,0.0,0.0,0.0,0.0
Kieran Richardson ,Defender,11.0,0.0,20.0,18.0,67.0,0.0,1.0,12.0,20.0,8.0,0.0,42.0,35.0,50.0,4.0,9.0,9.0,0.0,0.0,1.0,269.0,24.45,0.0,21.0,10.0,1.0,14.0,4.0,18.0,0.0,0.0,0.0,0.0,0.0,0.0,0.0,0.0,0.0,0.0,0.0,0.0,0.0,0.0,0.0,0.0,0.0,0.0,0.0,0.0
Joe Riley ,Defender,0.0,0.0,0.0,0.0,0.0,0.0,0.0,0.0,0.0,0.0,0.0,0.0,0.0,0.0,0.0,0.0,0.0,0.0,0.0,0.0,0.0,0.0,0.0,0.0,0.0,0.0,0.0,0.0,0.0,0.0,0.0,0.0,0.0,0.0,0.0,0.0,0.0,0.0,0.0,0.0,0.0,0.0,0.0,0.0,0.0,0.0,0.0,0.0,0.0
Antonee Robinson ,Defender,0.0,0.0,0.0,0.0,0.0,0.0,0.0,0.0,0.0,0.0,0.0,0.0,0.0,0.0,0.0,0.0,0.0,0.0,0.0,0.0,0.0,0.0,0.0,0.0,0.0,0.0,0.0,0.0,0.0,0.0,0.0,0.0,0.0,0.0,0.0,0.0,0.0,0.0,0.0,0.0,0.0,0.0,0.0,0.0,0.0,0.0,0.0,0.0,0.0
Joe Rodon ,Defender,0.0,0.0,0.0,0.0,0.0,0.0,0.0,0.0,0.0,0.0,0.0,0.0,0.0,0.0,0.0,0.0,0.0,0.0,0.0,0.0,0.0,0.0,0.0,0.0,0.0,0.0,0.0,0.0,0.0,0.0,0.0,0.0,0.0,0.0,0.0,0.0,0.0,0.0,0.0,0.0,0.0,0.0,0.0,0.0,0.0,0.0,0.0,0.0,0.0
Marcos Rojo ,Defender,16.0,5.0,11.0,43.0,74.0,0.0,3.0,28.0,32.0,14.0,0.0,88.0,89.0,73.0,4.0,30.0,24.0,0.0,0.0,1.0,700.0,43.75,1.0,53.0,21.0,0.0,26.0,3.0,20.0,1.0,0.0,0.0,0.0,0.0,0.0,0.0,0.0,0.0,0.0,0.0,0.0,0.0,0.0,0.0,0.0,0.0,0.0,0.0,0.0
Danny Rose ,Defender,24.0,8.0,19.0,67.0,84.0,0.0,8.0,39.0,79.0,48.0,0.0,146.0,160.0,121.0,28.0,23.0,20.0,0.0,1.0,3.0,1062.0,44.25,6.0,88.0,14.0,1.0,49.0,7.0,41.0,1.0,1.0,0.0,0.0,1.0,0.0,0.0,0.0,0.0,0.0,0.0,0.0,0.0,0.0,0.0,0.0,0.0,0.0,0.0,0.0
Bacary Sagna ,Defender,28.0,11.0,26.0,50.0,66.0,0.0,1.0,50.0,99.0,55.0,0.0,126.0,155.0,112.0,5.0,86.0,57.0,0.0,0.0,3.0,1587.0,56.68,3.0,74.0,26.0,2.0,52.0,4.0,17.0,0.0,0.0,0.0,0.0,0.0,0.0,0.0,0.0,0.0,0.0,0.0,0.0,0.0,0.0,0.0,0.0,0.0,0.0,0.0,0.0
Mamadou Sakho ,Defender,22.0,5.0,30.0,30.0,67.0,1.0,1.0,37.0,137.0,79.0,2.0,158.0,123.0,69.0,8.0,75.0,45.0,0.0,0.0,0.0,1243.0,56.5,0.0,0.0,0.0,0.0,69.0,1.0,9.0,1.0,1.0,1.0,0.0,0.0,0.0,0.0,0.0,0.0,0.0,0.0,0.0,0.0,0.0,0.0,0.0,0.0,0.0,0.0,0.0
Philippe Senderos ,Defender,0.0,0.0,0.0,0.0,0.0,0.0,0.0,0.0,0.0,0.0,0.0,0.0,0.0,0.0,0.0,0.0,0.0,0.0,0.0,0.0,0.0,0.0,0.0,0.0,0.0,0.0,0.0,0.0,0.0,0.0,0.0,0.0,0.0,0.0,0.0,0.0,0.0,0.0,0.0,0.0,0.0,0.0,0.0,0.0,0.0,0.0,0.0,0.0,0.0
Luke Shaw ,Defender,5.0,3.0,3.0,9.0,100.0,0.0,0.0,5.0,19.0,13.0,0.0,40.0,32.0,43.0,6.0,14.0,17.0,0.0,0.0,1.0,271.0,54.2,1.0,13.0,38.0,1.0,13.0,1.0,8.0,1.0,0.0,0.0,0.0,0.0,0.0,0.0,0.0,0.0,0.0,0.0,0.0,0.0,0.0,0.0,0.0,0.0,0.0,0.0,0.0
Ryan Shawcross ,Defender,20.0,7.0,26.0,43.0,81.0,1.0,2.0,39.0,94.0,38.0,0.0,64.0,101.0,62.0,5.0,50.0,25.0,0.0,0.0,0.0,592.0,29.6,0.0,1.0,0.0,0.0,38.0,2.0,18.0,3.0,0.0,0.0,0.0,0.0,0.0,0.0,0.0,0.0,0.0,0.0,0.0,0.0,0.0,0.0,0.0,0.0,0.0,0.0,0.0
Liam Shephard ,Defender,0.0,0.0,0.0,0.0,0.0,0.0,0.0,0.0,0.0,0.0,0.0,0.0,0.0,0.0,0.0,0.0,0.0,0.0,0.0,0.0,0.0,0.0,0.0,0.0,0.0,0.0,0.0,0.0,0.0,0.0,0.0,0.0,0.0,0.0,0.0,0.0,0.0,0.0,0.0,0.0,0.0,0.0,0.0,0.0,0.0,0.0,0.0,0.0,0.0
Jack Simpson ,Defender,0.0,0.0,0.0,0.0,0.0,0.0,0.0,0.0,0.0,0.0,0.0,0.0,0.0,0.0,0.0,0.0,0.0,0.0,0.0,0.0,0.0,0.0,0.0,0.0,0.0,0.0,0.0,0.0,0.0,0.0,0.0,0.0,0.0,0.0,0.0,0.0,0.0,0.0,0.0,0.0,0.0,0.0,0.0,0.0,0.0,0.0,0.0,0.0,0.0
Martin Skrtel ,Defender,22.0,6.0,29.0,23.0,87.0,1.0,4.0,41.0,147.0,63.0,0.0,92.0,88.0,53.0,1.0,58.0,29.0,1.0,0.0,0.0,1173.0,53.32,1.0,1.0,0.0,0.0,56.0,5.0,21.0,1.0,1.0,0.0,1.0,0.0,0.0,0.0,0.0,0.0,0.0,0.0,0.0,0.0,0.0,0.0,0.0,0.0,0.0,0.0,0.0
Chris Smalling ,Defender,35.0,17.0,31.0,55.0,71.0,1.0,7.0,97.0,180.0,91.0,0.0,194.0,203.0,137.0,12.0,124.0,70.0,1.0,0.0,1.0,1533.0,43.8,1.0,0.0,0.0,1.0,104.0,8.0,47.0,1.0,0.0,0.0,0.0,0.0,2.0,0.0,0.0,0.0,0.0,0.0,0.0,0.0,0.0,0.0,0.0,0.0,0.0,0.0,0.0
Adam Smith ,Defender,31.0,6.0,35.0,71.0,83.0,0.0,6.0,44.0,49.0,18.0,0.0,125.0,189.0,139.0,46.0,21.0,32.0,0.0,0.0,0.0,911.0,29.39,1.0,56.0,20.0,1.0,36.0,5.0,33.0,2.0,2.0,0.0,1.0,1.0,0.0,0.0,0.0,0.0,0.0,0.0,0.0,0.0,0.0,0.0,0.0,0.0,0.0,0.0,0.0
Pape Souaré ,Defender,34.0,7.0,45.0,32.0,72.0,0.0,3.0,84.0,122.0,26.0,0.0,191.0,105.0,100.0,17.0,26.0,24.0,1.0,0.0,1.0,1165.0,34.26,4.0,137.0,18.0,0.0,75.0,6.0,25.0,1.0,0.0,0.0,0.0,0.0,0.0,0.0,0.0,0.0,0.0,0.0,0.0,0.0,0.0,0.0,0.0,0.0,0.0,0.0,0.0
Jack Stephens ,Defender,0.0,0.0,0.0,0.0,0.0,0.0,0.0,0.0,0.0,0.0,0.0,0.0,0.0,0.0,0.0,0.0,0.0,0.0,0.0,0.0,0.0,0.0,0.0,0.0,0.0,0.0,0.0,0.0,0.0,0.0,0.0,0.0,0.0,0.0,0.0,0.0,0.0,0.0,0.0,0.0,0.0,0.0,0.0,0.0,0.0,0.0,0.0,0.0,0.0
Jamie Sterry ,Defender,1.0,0.0,0.0,0.0,0.0,0.0,0.0,0.0,0.0,0.0,0.0,0.0,0.0,0.0,0.0,0.0,0.0,0.0,0.0,0.0,0.0,0.0,0.0,0.0,0.0,0.0,0.0,0.0,0.0,0.0,0.0,0.0,0.0,0.0,0.0,0.0,0.0,0.0,0.0,0.0,0.0,0.0,0.0,0.0,0.0,0.0,0.0,0.0,0.0
Steve Cook ,Defender,36.0,7.0,63.0,33.0,58.0,0.0,5.0,84.0,298.0,176.0,0.0,162.0,166.0,98.0,3.0,123.0,64.0,0.0,1.0,0.0,1577.0,43.81,1.0,1.0,0.0,0.0,175.0,5.0,16.0,2.0,4.0,2.0,2.0,0.0,0.0,0.0,0.0,0.0,0.0,0.0,0.0,0.0,0.0,0.0,0.0,0.0,0.0,0.0,0.0
John Stones ,Defender,33.0,8.0,45.0,46.0,78.0,1.0,1.0,56.0,127.0,75.0,1.0,180.0,147.0,74.0,23.0,53.0,30.0,0.0,3.0,0.0,1566.0,47.45,4.0,4.0,50.0,1.0,144.0,3.0,11.0,0.0,0.0,0.0,0.0,0.0,0.0,0.0,0.0,0.0,0.0,0.0,0.0,0.0,0.0,0.0,0.0,0.0,0.0,0.0,0.0
Easah Suliman ,Defender,0.0,0.0,0.0,0.0,0.0,0.0,0.0,0.0,0.0,0.0,0.0,0.0,0.0,0.0,0.0,0.0,0.0,0.0,0.0,0.0,0.0,0.0,0.0,0.0,0.0,0.0,0.0,0.0,0.0,0.0,0.0,0.0,0.0,0.0,0.0,0.0,0.0,0.0,0.0,0.0,0.0,0.0,0.0,0.0,0.0,0.0,0.0,0.0,0.0
Franck Tabanou ,Defender,0.0,0.0,0.0,0.0,0.0,0.0,0.0,0.0,0.0,0.0,0.0,0.0,0.0,0.0,0.0,0.0,0.0,0.0,0.0,0.0,0.0,0.0,0.0,0.0,0.0,0.0,0.0,0.0,0.0,0.0,0.0,0.0,0.0,0.0,0.0,0.0,0.0,0.0,0.0,0.0,0.0,0.0,0.0,0.0,0.0,0.0,0.0,0.0,0.0
Matt Targett ,Defender,14.0,6.0,10.0,20.0,80.0,0.0,1.0,26.0,33.0,11.0,0.0,61.0,53.0,40.0,5.0,16.0,13.0,0.0,0.0,1.0,404.0,28.86,0.0,44.0,25.0,1.0,40.0,1.0,4.0,1.0,0.0,0.0,0.0,0.0,0.0,0.0,0.0,0.0,0.0,0.0,0.0,0.0,0.0,0.0,0.0,0.0,0.0,0.0,0.0
Steven Taylor ,Defender,10.0,2.0,17.0,3.0,67.0,0.0,1.0,17.0,37.0,18.0,0.0,33.0,16.0,15.0,2.0,7.0,8.0,1.0,0.0,0.0,324.0,32.4,0.0,0.0,0.0,0.0,16.0,1.0,3.0,0.0,0.0,0.0,0.0,0.0,0.0,0.0,0.0,0.0,0.0,0.0,0.0,0.0,0.0,0.0,0.0,0.0,0.0,0.0,0.0
John Terry ,Defender,24.0,6.0,34.0,21.0,81.0,0.0,3.0,38.0,88.0,46.0,0.0,90.0,77.0,42.0,2.0,49.0,22.0,1.0,0.0,0.0,924.0,38.5,0.0,0.0,0.0,1.0,32.0,2.0,10.0,2.0,1.0,0.0,1.0,0.0,0.0,0.0,0.0,0.0,0.0,0.0,0.0,0.0,0.0,0.0,0.0,0.0,0.0,0.0,0.0
Thomas Robson ,Defender,1.0,0.0,2.0,4.0,50.0,0.0,0.0,1.0,3.0,0.0,0.0,5.0,9.0,4.0,2.0,2.0,1.0,0.0,0.0,0.0,36.0,36.0,0.0,1.0,0.0,0.0,3.0,0.0,0.0,0.0,0.0,0.0,0.0,0.0,0.0,0.0,0.0,0.0,0.0,0.0,0.0,0.0,0.0,0.0,0.0,0.0,0.0,0.0,0.0
Tiago Ilori ,Defender,0.0,0.0,0.0,0.0,0.0,0.0,0.0,0.0,0.0,0.0,0.0,0.0,0.0,0.0,0.0,0.0,0.0,0.0,0.0,0.0,0.0,0.0,0.0,0.0,0.0,0.0,0.0,0.0,0.0,0.0,0.0,0.0,0.0,0.0,0.0,0.0,0.0,0.0,0.0,0.0,0.0,0.0,0.0,0.0,0.0,0.0,0.0,0.0,0.0
Dwight Tiendalli ,Defender,0.0,0.0,0.0,0.0,0.0,0.0,0.0,0.0,0.0,0.0,0.0,0.0,0.0,0.0,0.0,0.0,0.0,0.0,0.0,0.0,0.0,0.0,0.0,0.0,0.0,0.0,0.0,0.0,0.0,0.0,0.0,0.0,0.0,0.0,0.0,0.0,0.0,0.0,0.0,0.0,0.0,0.0,0.0,0.0,0.0,0.0,0.0,0.0,0.0
Harry Toffolo ,Defender,0.0,0.0,0.0,0.0,0.0,0.0,0.0,0.0,0.0,0.0,0.0,0.0,0.0,0.0,0.0,0.0,0.0,0.0,0.0,0.0,0.0,0.0,0.0,0.0,0.0,0.0,0.0,0.0,0.0,0.0,0.0,0.0,0.0,0.0,0.0,0.0,0.0,0.0,0.0,0.0,0.0,0.0,0.0,0.0,0.0,0.0,0.0,0.0,0.0
James Tomkins ,Defender,25.0,8.0,24.0,62.0,68.0,0.0,1.0,54.0,101.0,45.0,0.0,118.0,116.0,64.0,5.0,34.0,20.0,0.0,2.0,0.0,835.0,33.4,2.0,15.0,27.0,0.0,67.0,4.0,17.0,0.0,0.0,0.0,0.0,0.0,0.0,0.0,0.0,0.0,0.0,0.0,0.0,0.0,0.0,0.0,0.0,0.0,0.0,0.0,0.0
Fikayo Tomori ,Defender,1.0,0.0,1.0,1.0,0.0,0.0,0.0,0.0,3.0,1.0,0.0,2.0,1.0,1.0,0.0,0.0,1.0,0.0,0.0,0.0,13.0,13.0,0.0,0.0,0.0,0.0,1.0,0.0,0.0,0.0,0.0,0.0,0.0,0.0,0.0,0.0,0.0,0.0,0.0,0.0,0.0,0.0,0.0,0.0,0.0,0.0,0.0,0.0,0.0
Kevin Toner ,Defender,4.0,1.0,9.0,10.0,50.0,0.0,0.0,9.0,18.0,8.0,0.0,7.0,24.0,11.0,0.0,10.0,3.0,0.0,0.0,1.0,97.0,24.25,0.0,1.0,0.0,0.0,7.0,0.0,2.0,0.0,0.0,0.0,0.0,0.0,0.0,0.0,0.0,0.0,0.0,0.0,0.0,0.0,0.0,0.0,0.0,0.0,0.0,0.0,0.0
Tosin Adarabioyo ,Defender,0.0,0.0,0.0,0.0,0.0,0.0,0.0,0.0,0.0,0.0,0.0,0.0,0.0,0.0,0.0,0.0,0.0,0.0,0.0,0.0,0.0,0.0,0.0,0.0,0.0,0.0,0.0,0.0,0.0,0.0,0.0,0.0,0.0,0.0,0.0,0.0,0.0,0.0,0.0,0.0,0.0,0.0,0.0,0.0,0.0,0.0,0.0,0.0,0.0
Kieran Trippier ,Defender,6.0,1.0,4.0,14.0,86.0,0.0,0.0,11.0,12.0,6.0,0.0,29.0,36.0,20.0,3.0,11.0,8.0,0.0,0.0,1.0,265.0,44.17,0.0,34.0,21.0,0.0,11.0,1.0,3.0,0.0,1.0,0.0,1.0,0.0,0.0,0.0,0.0,0.0,0.0,0.0,0.0,0.0,0.0,0.0,0.0,0.0,0.0,0.0,0.0
Axel Tuanzebe ,Defender,0.0,0.0,0.0,0.0,0.0,0.0,0.0,0.0,0.0,0.0,0.0,0.0,0.0,0.0,0.0,0.0,0.0,0.0,0.0,0.0,0.0,0.0,0.0,0.0,0.0,0.0,0.0,0.0,0.0,0.0,0.0,0.0,0.0,0.0,0.0,0.0,0.0,0.0,0.0,0.0,0.0,0.0,0.0,0.0,0.0,0.0,0.0,0.0,0.0
Jordan Turnbull ,Defender,0.0,0.0,0.0,0.0,0.0,0.0,0.0,0.0,0.0,0.0,0.0,0.0,0.0,0.0,0.0,0.0,0.0,0.0,0.0,0.0,0.0,0.0,0.0,0.0,0.0,0.0,0.0,0.0,0.0,0.0,0.0,0.0,0.0,0.0,0.0,0.0,0.0,0.0,0.0,0.0,0.0,0.0,0.0,0.0,0.0,0.0,0.0,0.0,0.0
Michael Turner ,Defender,0.0,0.0,0.0,0.0,0.0,0.0,0.0,0.0,0.0,0.0,0.0,0.0,0.0,0.0,0.0,0.0,0.0,0.0,0.0,0.0,0.0,0.0,0.0,0.0,0.0,0.0,0.0,0.0,0.0,0.0,0.0,0.0,0.0,0.0,0.0,0.0,0.0,0.0,0.0,0.0,0.0,0.0,0.0,0.0,0.0,0.0,0.0,0.0,0.0
Luis Antonio Valencia ,Defender,14.0,4.0,6.0,27.0,78.0,0.0,3.0,15.0,18.0,7.0,0.0,57.0,67.0,42.0,16.0,18.0,8.0,0.0,0.0,3.0,584.0,41.71,1.0,35.0,26.0,1.0,22.0,1.0,16.0,2.0,0.0,0.0,0.0,0.0,0.0,0.0,0.0,0.0,0.0,0.0,0.0,0.0,0.0,0.0,0.0,0.0,0.0,0.0,0.0
Patrick van Aanholt ,Defender,33.0,6.0,56.0,85.0,80.0,2.0,7.0,63.0,102.0,23.0,1.0,220.0,157.0,117.0,46.0,14.0,16.0,0.0,1.0,3.0,1067.0,32.33,4.0,56.0,21.0,1.0,46.0,2.0,16.0,4.0,4.0,0.0,0.0,4.0,2.0,0.0,0.0,0.0,0.0,0.0,0.0,0.0,0.0,0.0,0.0,0.0,0.0,0.0,0.0
Virgil van Dijk ,Defender,34.0,10.0,36.0,59.0,75.0,1.0,4.0,96.0,260.0,152.0,0.0,163.0,249.0,103.0,16.0,163.0,58.0,0.0,0.0,0.0,1388.0,40.82,3.0,2.0,50.0,0.0,119.0,2.0,28.0,2.0,3.0,1.0,0.0,2.0,5.0,0.0,0.0,0.0,0.0,0.0,0.0,0.0,0.0,0.0,0.0,0.0,0.0,0.0,0.0
Guillermo Varela ,Defender,4.0,1.0,4.0,13.0,77.0,0.0,0.0,13.0,6.0,3.0,0.0,26.0,25.0,28.0,4.0,1.0,6.0,0.0,0.0,0.0,146.0,36.5,0.0,7.0,14.0,0.0,11.0,1.0,5.0,0.0,0.0,0.0,0.0,0.0,0.0,0.0,0.0,0.0,0.0,0.0,0.0,0.0,0.0,0.0,0.0,0.0,0.0,0.0,0.0
Santiago Vergini ,Defender,0.0,0.0,0.0,0.0,0.0,0.0,0.0,0.0,0.0,0.0,0.0,0.0,0.0,0.0,0.0,0.0,0.0,0.0,0.0,0.0,0.0,0.0,0.0,0.0,0.0,0.0,0.0,0.0,0.0,0.0,0.0,0.0,0.0,0.0,0.0,0.0,0.0,0.0,0.0,0.0,0.0,0.0,0.0,0.0,0.0,0.0,0.0,0.0,0.0
Jan Vertonghen ,Defender,29.0,9.0,29.0,48.0,75.0,0.0,4.0,63.0,174.0,98.0,0.0,126.0,134.0,63.0,13.0,54.0,36.0,1.0,0.0,0.0,1474.0,50.83,0.0,2.0,100.0,0.0,102.0,5.0,17.0,0.0,0.0,0.0,0.0,0.0,0.0,0.0,0.0,0.0,0.0,0.0,0.0,0.0,0.0,0.0,0.0,0.0,0.0,0.0,0.0
Kyle Walker ,Defender,33.0,12.0,28.0,87.0,82.0,0.0,8.0,92.0,106.0,53.0,0.0,209.0,183.0,127.0,17.0,52.0,25.0,1.0,1.0,3.0,1250.0,37.88,5.0,78.0,23.0,1.0,77.0,7.0,29.0,3.0,1.0,0.0,1.0,0.0,0.0,0.0,0.0,0.0,0.0,0.0,0.0,0.0,0.0,0.0,0.0,0.0,0.0,0.0,0.0
Kyle Walker-Peters ,Defender,0.0,0.0,0.0,0.0,0.0,0.0,0.0,0.0,0.0,0.0,0.0,0.0,0.0,0.0,0.0,0.0,0.0,0.0,0.0,0.0,0.0,0.0,0.0,0.0,0.0,0.0,0.0,0.0,0.0,0.0,0.0,0.0,0.0,0.0,0.0,0.0,0.0,0.0,0.0,0.0,0.0,0.0,0.0,0.0,0.0,0.0,0.0,0.0,0.0
Elliott Ward ,Defender,0.0,0.0,0.0,0.0,0.0,0.0,0.0,0.0,0.0,0.0,0.0,0.0,0.0,0.0,0.0,0.0,0.0,0.0,0.0,0.0,0.0,0.0,0.0,0.0,0.0,0.0,0.0,0.0,0.0,0.0,0.0,0.0,0.0,0.0,0.0,0.0,0.0,0.0,0.0,0.0,0.0,0.0,0.0,0.0,0.0,0.0,0.0,0.0,0.0
Marcin Wasilewski ,Defender,4.0,0.0,6.0,10.0,60.0,0.0,0.0,9.0,17.0,6.0,0.0,9.0,18.0,14.0,0.0,8.0,5.0,0.0,0.0,0.0,73.0,18.25,0.0,0.0,0.0,0.0,4.0,2.0,4.0,0.0,0.0,0.0,0.0,0.0,0.0,0.0,0.0,0.0,0.0,0.0,0.0,0.0,0.0,0.0,0.0,0.0,0.0,0.0,0.0
Sam Westley ,Defender,0.0,0.0,0.0,0.0,0.0,0.0,0.0,0.0,0.0,0.0,0.0,0.0,0.0,0.0,0.0,0.0,0.0,0.0,0.0,0.0,0.0,0.0,0.0,0.0,0.0,0.0,0.0,0.0,0.0,0.0,0.0,0.0,0.0,0.0,0.0,0.0,0.0,0.0,0.0,0.0,0.0,0.0,0.0,0.0,0.0,0.0,0.0,0.0,0.0
Steven Whittaker ,Defender,8.0,0.0,16.0,12.0,83.0,0.0,2.0,7.0,23.0,12.0,0.0,28.0,23.0,36.0,5.0,3.0,7.0,0.0,0.0,0.0,304.0,38.0,0.0,15.0,20.0,0.0,13.0,1.0,7.0,0.0,1.0,0.0,1.0,0.0,0.0,0.0,0.0,0.0,0.0,0.0,0.0,0.0,0.0,0.0,0.0,0.0,0.0,0.0,0.0
Rhoys Wiggins ,Defender,0.0,0.0,0.0,0.0,0.0,0.0,0.0,0.0,0.0,0.0,0.0,0.0,0.0,0.0,0.0,0.0,0.0,0.0,0.0,0.0,0.0,0.0,0.0,0.0,0.0,0.0,0.0,0.0,0.0,0.0,0.0,0.0,0.0,0.0,0.0,0.0,0.0,0.0,0.0,0.0,0.0,0.0,0.0,0.0,0.0,0.0,0.0,0.0,0.0
Ro-Shaun Williams ,Defender,0.0,0.0,0.0,0.0,0.0,0.0,0.0,0.0,0.0,0.0,0.0,0.0,0.0,0.0,0.0,0.0,0.0,0.0,0.0,0.0,0.0,0.0,0.0,0.0,0.0,0.0,0.0,0.0,0.0,0.0,0.0,0.0,0.0,0.0,0.0,0.0,0.0,0.0,0.0,0.0,0.0,0.0,0.0,0.0,0.0,0.0,0.0,0.0,0.0
Mike Williamson ,Defender,0.0,0.0,0.0,0.0,0.0,0.0,0.0,0.0,0.0,0.0,0.0,0.0,0.0,0.0,0.0,0.0,0.0,0.0,0.0,0.0,0.0,0.0,0.0,0.0,0.0,0.0,0.0,0.0,0.0,0.0,0.0,0.0,0.0,0.0,0.0,0.0,0.0,0.0,0.0,0.0,0.0,0.0,0.0,0.0,0.0,0.0,0.0,0.0,0.0
Kevin Wimmer ,Defender,10.0,4.0,6.0,5.0,60.0,0.0,0.0,20.0,49.0,23.0,1.0,43.0,17.0,25.0,0.0,9.0,8.0,0.0,0.0,0.0,541.0,54.1,0.0,0.0,0.0,0.0,46.0,2.0,12.0,0.0,0.0,0.0,0.0,0.0,0.0,0.0,0.0,0.0,0.0,0.0,0.0,0.0,0.0,0.0,0.0,0.0,0.0,0.0,0.0
Andre Wisdom ,Defender,10.0,1.0,15.0,19.0,84.0,0.0,1.0,8.0,23.0,12.0,0.0,53.0,40.0,27.0,8.0,10.0,10.0,0.0,0.0,0.0,307.0,30.7,1.0,25.0,16.0,0.0,13.0,1.0,3.0,0.0,0.0,0.0,0.0,0.0,0.0,0.0,0.0,0.0,0.0,0.0,0.0,0.0,0.0,0.0,0.0,0.0,0.0,0.0,0.0
Philipp Wollscheid ,Defender,31.0,10.0,43.0,74.0,70.0,1.0,1.0,75.0,164.0,83.0,0.0,136.0,172.0,90.0,11.0,71.0,42.0,0.0,1.0,0.0,1220.0,39.35,0.0,0.0,0.0,0.0,89.0,2.0,17.0,0.0,0.0,0.0,0.0,0.0,0.0,0.0,0.0,0.0,0.0,0.0,0.0,0.0,0.0,0.0,0.0,0.0,0.0,0.0,0.0
DeAndre Yedlin ,Defender,23.0,6.0,26.0,39.0,74.0,0.0,0.0,25.0,89.0,31.0,1.0,81.0,97.0,84.0,22.0,24.0,30.0,0.0,0.0,1.0,519.0,22.57,2.0,41.0,17.0,0.0,21.0,2.0,21.0,0.0,0.0,0.0,0.0,0.0,0.0,0.0,0.0,0.0,0.0,0.0,0.0,0.0,0.0,0.0,0.0,0.0,0.0,0.0,0.0
Maya Yoshida ,Defender,20.0,4.0,18.0,13.0,62.0,2.0,0.0,33.0,67.0,24.0,0.0,69.0,40.0,29.0,0.0,22.0,10.0,0.0,3.0,0.0,485.0,24.25,0.0,7.0,14.0,0.0,42.0,0.0,7.0,0.0,1.0,0.0,1.0,0.0,0.0,0.0,0.0,0.0,0.0,0.0,0.0,0.0,0.0,0.0,0.0,0.0,0.0,0.0,0.0
Ashley Young ,Defender,18.0,2.0,18.0,20.0,70.0,0.0,3.0,26.0,18.0,1.0,0.0,72.0,64.0,60.0,12.0,12.0,6.0,0.0,0.0,2.0,566.0,31.44,2.0,77.0,14.0,1.0,36.0,5.0,15.0,2.0,1.0,0.0,1.0,0.0,0.0,0.0,0.0,0.0,0.0,0.0,0.0,0.0,0.0,0.0,0.0,0.0,0.0,0.0,0.0
Pablo Zabaleta ,Defender,13.0,3.0,16.0,43.0,72.0,0.0,2.0,25.0,35.0,16.0,0.0,47.0,73.0,59.0,3.0,18.0,14.0,0.0,0.0,1.0,575.0,44.23,1.0,19.0,0.0,0.0,13.0,3.0,15.0,2.0,0.0,0.0,0.0,0.0,0.0,0.0,0.0,0.0,0.0,0.0,0.0,0.0,0.0,0.0,0.0,0.0,0.0,0.0,0.0
Kurt Zouma ,Defender,23.0,8.0,26.0,30.0,73.0,0.0,3.0,36.0,123.0,52.0,0.0,68.0,107.0,49.0,4.0,67.0,28.0,0.0,0.0,1.0,736.0,32.0,1.0,4.0,25.0,0.0,37.0,0.0,9.0,2.0,1.0,1.0,0.0,0.0,1.0,0.0,0.0,0.0,0.0,0.0,0.0,0.0,0.0,0.0,0.0,0.0,0.0,0.0,0.0
Stéphane Zubar ,Defender,0.0,0.0,0.0,0.0,0.0,0.0,0.0,0.0,0.0,0.0,0.0,0.0,0.0,0.0,0.0,0.0,0.0,0.0,0.0,0.0,0.0,0.0,0.0,0.0,0.0,0.0,0.0,0.0,0.0,0.0,0.0,0.0,0.0,0.0,0.0,0.0,0.0,0.0,0.0,0.0,0.0,0.0,0.0,0.0,0.0,0.0,0.0,0.0,0.0
